Dates,Google,Meta,JPM
2014-12-01,26.982,75.1,60
2014-12-02,26.93,75.46,61.08
2014-12-03,26.849,74.88,61.54
2014-12-04,27.129,75.24,61.38
2014-12-05,26.404,76.36,62.7
2014-12-08,26.537,76.52,62.67
2014-12-09,26.806,76.84,62.45
2014-12-10,26.402,76.18,60.68
2014-12-11,26.606,77.73,61.14
2014-12-12,26.075,77.83,60.04
2014-12-15,25.792,76.99,59.16
2014-12-16,24.908,74.69,58.43
2014-12-17,25.322,76.11,59.77
2014-12-18,25.731,78.4,61.48
2014-12-19,26.002,79.88,61.93
2014-12-22,26.615,81.45,61.94
2014-12-23,26.938,80.61,62.48
2014-12-24,26.847,80.77,62.48
2014-12-25,26.847,80.77,62.48
2014-12-26,27.076,80.775,62.55
2014-12-29,26.865,80.02,62.96
2014-12-30,26.764,79.22,63.15
2014-12-31,26.533,78.02,62.58
2015-01-01,26.533,78.02,62.58
2015-01-02,26.478,78.45,62.49
2015-01-05,25.973,77.19,60.55
2015-01-06,25.332,76.15,58.98
2015-01-07,25.258,76.15,59.07
2015-01-08,25.346,78.175,60.39
2015-01-09,25.036,77.74,59.34
2015-01-12,24.853,76.72,58.83
2015-01-13,25.09,76.45,58.84
2015-01-14,25.297,76.28,56.81
2015-01-15,25.2,74.05,54.99
2015-01-16,25.523,75.18,55.93
2015-01-19,25.523,75.18,55.93
2015-01-20,25.497,76.24,55.71
2015-01-21,26.02,76.74,55.89
2015-01-22,26.865,77.65,57.59
2015-01-23,27.098,77.83,56.68
2015-01-26,26.836,77.495,56.77
2015-01-27,26.06,75.78,56.2
2015-01-28,25.621,76.24,54.75
2015-01-29,25.662,78,55.67
2015-01-30,26.877,75.91,54.38
2015-02-02,26.61,74.99,55.47
2015-02-03,26.665,75.4,56.72
2015-02-04,26.305,75.63,56.38
2015-02-05,26.492,75.615,56.77
2015-02-06,26.694,74.47,57.89
2015-02-09,26.464,74.44,57.82
2015-02-10,27.008,75.19,58.46
2015-02-11,26.9,76.51,58.37
2015-02-12,27.301,76.23,59.57
2015-02-13,27.558,75.74,59.67
2015-02-16,27.558,75.74,59.67
2015-02-17,27.251,75.6,60.1
2015-02-18,27.133,76.71,59.37
2015-02-19,27.323,79.42,59.23
2015-02-20,27.09,79.895,59.8
2015-02-23,26.75,78.84,59.35
2015-02-24,26.932,78.45,60.82
2015-02-25,27.367,79.56,61.14
2015-02-26,27.964,80.41,61.58
2015-02-27,28.132,78.97,61.28
2015-03-02,28.751,79.75,61.77
2015-03-03,28.94,79.6,61.97
2015-03-04,28.917,80.895,62.13
2015-03-05,29.072,81.21,62
2015-03-06,28.645,80.005,60.89
2015-03-09,28.705,79.44,61.5
2015-03-10,27.993,77.55,59.96
2015-03-11,27.785,77.57,60.24
2015-03-12,28.059,78.93,61.37
2015-03-13,27.65,78.05,61
2015-03-16,28.082,78.07,61.85
2015-03-17,27.881,79.365,61.61
2015-03-18,28.308,80.91,61.75
2015-03-19,28.184,82.75,61.2
2015-03-20,28.248,83.8,61.75
2015-03-23,28.269,84.43,61.14
2015-03-24,28.877,85.31,60.46
2015-03-25,28.35,82.92,59.61
2015-03-26,28.182,83.01,59.54
2015-03-27,27.877,83.3,59.55
2015-03-30,28.057,83.195,60.96
2015-03-31,27.735,82.215,60.58
2015-04-01,27.475,81.665,59.95
2015-04-02,27.065,81.555,60.52
2015-04-03,27.065,81.555,60.52
2015-04-06,27.198,82.44,60.47
2015-04-07,27.243,82.32,60.85
2015-04-08,27.442,82.275,61.05
2015-04-09,27.401,82.17,61.47
2015-04-10,27.427,82.04,61.7
2015-04-13,27.432,83.01,62.07
2015-04-14,26.989,83.515,63.04
2015-04-15,27.052,82.705,64.21
2015-04-16,27.176,82.31,63.81
2015-04-17,26.637,80.775,62.84
2015-04-20,27.226,83.09,63.24
2015-04-21,27.146,83.62,62.31
2015-04-22,27.459,84.63,62.94
2015-04-23,27.873,82.41,62.8
2015-04-24,28.683,81.53,62.6
2015-04-27,28.306,81.91,62.34
2015-04-28,28.219,80.68,62.76
2015-04-29,28.069,80.465,63.6
2015-04-30,27.438,78.77,63.26
2015-05-01,27.558,78.99,63.61
2015-05-04,27.642,78.81,64.72
2015-05-05,27.152,77.56,64.4
2015-05-06,26.754,78.1,63.92
2015-05-07,27.102,78.425,64.5
2015-05-08,27.448,78.51,65.49
2015-05-11,27.289,78.01,65.45
2015-05-12,26.937,77.46,65.36
2015-05-13,26.975,78.44,65.52
2015-05-14,27.46,81.37,66.05
2015-05-15,27.325,80.42,65.88
2015-05-18,27.333,80.88,66.42
2015-05-19,27.464,80.63,67.01
2015-05-20,27.626,80.55,66.48
2015-05-21,27.841,80.48,66.65
2015-05-22,27.726,80.54,66.47
2015-05-25,27.726,80.54,66.47
2015-05-26,27.36,79.335,65.73
2015-05-27,27.713,80.55,66.47
2015-05-28,27.709,80.145,66.2
2015-05-29,27.266,79.19,65.78
2015-06-01,27.461,80.29,66.08
2015-06-02,27.698,80.445,66.02
2015-06-03,27.765,82.44,66.7
2015-06-04,27.585,82.05,66.33
2015-06-05,27.476,82.14,67.42
2015-06-08,27.174,80.67,66.89
2015-06-09,27.108,80.67,67.18
2015-06-10,27.63,82.16,68.26
2015-06-11,27.502,81.83,68.52
2015-06-12,27.374,81.53,68.25
2015-06-15,27.15,80.71,67.99
2015-06-16,27.244,81.06,68.37
2015-06-17,27.33,81.79,68.14
2015-06-18,27.809,82.905,68.78
2015-06-19,27.876,82.51,68.08
2015-06-22,27.984,84.74,68.96
2015-06-23,28.17,87.88,69.75
2015-06-24,27.929,88.86,69.02
2015-06-25,27.898,87.98,68.65
2015-06-26,27.653,88.01,68.95
2015-06-29,27.063,85.8,67.2
2015-06-30,27.002,85.765,67.76
2015-07-01,27.165,86.91,68.07
2015-07-02,27.367,87.285,67.52
2015-07-03,27.367,87.285,67.52
2015-07-06,27.281,87.55,67.33
2015-07-07,27.502,87.22,66.8
2015-07-08,27.085,85.65,65.43
2015-07-09,27.232,85.88,66.11
2015-07-10,27.806,87.95,67.05
2015-07-13,28.587,90.1,68.09
2015-07-14,29.209,89.68,69.04
2015-07-15,29.198,89.76,69.19
2015-07-16,30.089,90.85,69.56
2015-07-17,34.981,94.97,69.21
2015-07-20,34.642,97.91,69.26
2015-07-21,34.768,98.39,69.1
2015-07-22,34.755,97.04,70.08
2015-07-23,33.737,95.44,69.64
2015-07-24,32.739,96.95,68.91
2015-07-27,32.914,94.17,68.01
2015-07-28,32.983,95.29,68.05
2015-07-29,33.072,96.99,68.94
2015-07-30,33.228,95.21,69.04
2015-07-31,32.875,94.01,68.53
2015-08-03,33.236,94.14,68.53
2015-08-04,33.064,94.06,68.46
2015-08-05,33.665,96.44,68.73
2015-08-06,33.508,95.12,68.25
2015-08-07,33.22,94.3,68.05
2015-08-10,33.157,94.15,68.89
2015-08-11,34.515,93.62,68.23
2015-08-12,34.574,94.19,67.24
2015-08-13,34.326,93.43,67.55
2015-08-14,34.469,94.42,67.89
2015-08-17,34.706,93.93,68.07
2015-08-18,34.437,95.17,68.21
2015-08-19,34.702,95.31,67.6
2015-08-20,33.974,90.56,65.94
2015-08-21,32.201,86.06,63.6
2015-08-24,30.906,82.09,60.25
2015-08-25,30.624,83,59.91
2015-08-26,32.987,87.19,62.91
2015-08-27,33.398,89.73,64.48
2015-08-28,32.985,91.01,64.13
2015-08-31,32.391,89.43,64.1
2015-09-01,31.478,87.23,61.45
2015-09-02,32.246,89.89,62.57
2015-09-03,31.853,88.15,62.68
2015-09-04,31.448,88.26,61.5
2015-09-07,31.448,88.26,61.5
2015-09-08,32.194,89.53,63.16
2015-09-09,32.17,90.44,62.18
2015-09-10,32.554,91.98,62.66
2015-09-11,32.765,92.05,62.56
2015-09-14,32.624,92.31,62.38
2015-09-15,33.254,92.9,63.58
2015-09-16,33.276,93.45,64.14
2015-09-17,33.584,94.34,62.65
2015-09-18,33.046,94.4,60.94
2015-09-21,33.349,95.55,61.45
2015-09-22,32.66,92.96,60.91
2015-09-23,32.664,93.97,60.64
2015-09-24,32.746,94.41,60.22
2015-09-25,32.008,92.77,61.47
2015-09-28,31.213,89.21,59.98
2015-09-29,31.131,86.67,59.84
2015-09-30,31.919,89.9,60.97
2015-10-01,32.1,90.95,61.42
2015-10-02,32.85,92.07,60.81
2015-10-05,33.584,94.01,62.02
2015-10-06,33.582,92.8,62.05
2015-10-07,33.5,92.4,62.13
2015-10-08,33.35,92.47,62.13
2015-10-09,33.562,93.24,61.93
2015-10-12,33.822,94.26,61.72
2015-10-13,34.159,94.12,61.55
2015-10-14,34.021,94.07,59.99
2015-10-15,34.651,95.96,61.89
2015-10-16,34.766,97.54,62.43
2015-10-19,34.998,98.47,62.22
2015-10-20,34,97,62.52
2015-10-21,33.59,97.11,62.06
2015-10-22,34.057,99.67,63.19
2015-10-23,35.967,102.19,63.87
2015-10-26,36.556,103.77,63.9
2015-10-27,36.641,103.7,63.64
2015-10-28,36.846,104.2,65.5
2015-10-29,37.243,104.88,65.21
2015-10-30,36.87,101.97,64.25
2015-11-02,37.387,103.31,65.54
2015-11-03,37.441,102.58,65.78
2015-11-04,37.765,103.94,65.85
2015-11-05,38.034,108.76,66.44
2015-11-06,38.08,107.095,68.46
2015-11-09,37.739,106.49,67.39
2015-11-10,37.913,107.91,67.68
2015-11-11,38.263,109.01,67.35
2015-11-12,37.826,108.02,66
2015-11-13,37.004,103.95,65.56
2015-11-16,37.521,104.04,66.51
2015-11-17,37.299,105.13,66.13
2015-11-18,38.001,107.77,67.45
2015-11-19,37.997,106.26,67.66
2015-11-20,38.85,107.32,67.54
2015-11-23,38.835,106.95,66.88
2015-11-24,38.482,105.74,66.78
2015-11-25,38.463,105.41,66.86
2015-11-26,38.463,105.41,66.86
2015-11-27,38.599,105.45,67.17
2015-11-30,38.143,104.24,66.68
2015-12-01,39.189,107.12,67.61
2015-12-02,38.893,106.07,66.66
2015-12-03,38.41,104.38,65.8
2015-12-04,38.961,106.18,67.89
2015-12-07,38.65,105.61,67
2015-12-08,38.757,106.49,65.96
2015-12-09,38.128,104.6,65.46
2015-12-10,38.002,105.42,65.61
2015-12-11,37.521,102.12,64.07
2015-12-14,38.127,104.66,64.27
2015-12-15,38.005,104.55,66.1
2015-12-16,38.83,106.79,67.53
2015-12-17,38.492,106.22,66.28
2015-12-18,37.843,104.04,64.4
2015-12-21,38.04,104.77,65.54
2015-12-22,38.357,105.51,65.68
2015-12-23,38.426,104.63,66.73
2015-12-24,38.292,105.02,66.6
2015-12-25,38.292,105.02,66.6
2015-12-28,39.112,105.93,66.38
2015-12-29,39.698,107.26,67.07
2015-12-30,39.515,106.22,66.59
2015-12-31,38.901,104.66,66.03
2016-01-01,38.901,104.66,66.03
2016-01-04,37.972,102.22,63.62
2016-01-05,38.076,102.73,63.73
2016-01-06,37.967,102.97,62.81
2016-01-07,37.05,97.92,60.27
2016-01-08,36.546,97.33,58.92
2016-01-11,36.654,97.51,58.83
2016-01-12,37.267,99.37,58.96
2016-01-13,35.979,95.44,57.34
2016-01-14,36.57,98.37,58.2
2016-01-15,35.525,94.97,57.04
2016-01-18,35.525,94.97,57.04
2016-01-19,35.954,95.26,57.01
2016-01-20,35.928,94.35,55.51
2016-01-21,36.334,94.16,55.25
2016-01-22,37.273,97.94,56.95
2016-01-25,36.681,97.01,55.66
2016-01-26,36.689,97.34,57.08
2016-01-27,35.879,94.45,57.04
2016-01-28,37.415,109.11,57.28
2016-01-29,38.068,112.21,59.5
2016-02-01,38.539,115.09,58.86
2016-02-02,39.046,114.61,57.03
2016-02-03,37.469,112.69,57.41
2016-02-04,36.502,110.49,58.4
2016-02-05,35.188,104.07,57.75
2016-02-08,35.208,99.75,56.54
2016-02-09,35.051,99.54,56.2
2016-02-10,35.343,101,55.52
2016-02-11,35.318,101.91,53.07
2016-02-12,35.345,102.01,57.49
2016-02-15,35.345,102.01,57.49
2016-02-16,35.882,101.61,58.35
2016-02-17,36.599,105.2,58.77
2016-02-18,35.876,103.47,57.81
2016-02-19,36.106,104.57,57.82
2016-02-22,36.453,107.16,58.57
2016-02-23,35.865,105.46,56.12
2016-02-24,36.045,106.88,56.14
2016-02-25,36.456,108.07,57.01
2016-02-26,36.243,107.92,57.54
2016-02-29,35.861,106.92,56.3
2016-03-01,37.109,109.82,59.2
2016-03-02,36.974,109.95,59.76
2016-03-03,36.58,109.58,59.96
2016-03-04,36.511,108.39,60.05
2016-03-07,35.64,105.73,59.94
2016-03-08,35.677,105.93,58.78
2016-03-09,36.271,107.51,59.12
2016-03-10,36.609,107.32,58.61
2016-03-11,37.244,109.41,59.34
2016-03-14,37.512,109.89,59.12
2016-03-15,37.529,110.67,59.2
2016-03-16,37.868,112.18,58.92
2016-03-17,37.924,111.02,58.75
2016-03-18,37.771,111.45,60.48
2016-03-21,38.108,111.85,60.46
2016-03-22,38.003,112.25,60.24
2016-03-23,37.878,112.54,59.94
2016-03-24,37.742,113.05,59.48
2016-03-25,37.742,113.05,59.48
2016-03-28,37.664,113.69,59.4
2016-03-29,38.295,116.14,59.03
2016-03-30,38.417,114.7,59.71
2016-03-31,38.145,114.1,59.22
2016-04-01,38.484,116.06,59.87
2016-04-04,38.256,112.55,59.2
2016-04-05,37.929,112.22,58.36
2016-04-06,38.404,113.71,58.81
2016-04-07,38.006,113.64,57.32
2016-04-08,37.974,110.63,57.74
2016-04-11,37.877,108.99,58.2
2016-04-12,38.216,110.61,59.28
2016-04-13,38.596,110.51,61.79
2016-04-14,38.77,110.84,62.59
2016-04-15,39,109.64,61.87
2016-04-18,39.384,110.45,62.27
2016-04-19,38.813,112.29,63.32
2016-04-20,38.746,112.42,64.24
2016-04-21,39,113.44,63.6
2016-04-22,36.889,110.56,63.97
2016-04-25,37.111,110.1,63.6
2016-04-26,36.269,108.76,63.93
2016-04-27,36.073,108.89,64.11
2016-04-28,35.253,116.73,63.6
2016-04-29,35.394,117.58,63.2
2016-05-02,35.721,118.57,63.79
2016-05-03,35.422,117.43,62.56
2016-05-04,35.569,118.06,61.57
2016-05-05,35.736,117.81,61.24
2016-05-06,36.259,119.49,61.6
2016-05-09,36.457,119.24,61.21
2016-05-10,36.969,120.5,62.04
2016-05-11,36.527,119.52,61.81
2016-05-12,36.404,120.28,61.77
2016-05-13,36.242,119.81,61.2
2016-05-16,36.515,118.67,61.66
2016-05-17,36.01,117.35,61.66
2016-05-18,36.089,117.65,64.04
2016-05-19,35.765,116.81,63.39
2016-05-20,36.086,117.35,63.51
2016-05-23,35.863,115.97,63.46
2016-05-24,36.652,117.7,64.54
2016-05-25,36.905,117.89,65.52
2016-05-26,36.847,119.47,65.03
2016-05-27,37.38,119.38,65.43
2016-05-30,37.38,119.38,65.43
2016-05-31,37.443,118.81,65.27
2016-06-01,37.423,118.78,65.69
2016-06-02,37.213,118.93,65.81
2016-06-03,36.793,118.47,64.64
2016-06-06,36.503,118.79,65.28
2016-06-07,36.555,117.76,65.06
2016-06-08,37.146,118.39,65.25
2016-06-09,37.126,118.56,64.75
2016-06-10,36.66,116.62,63.84
2016-06-13,36.594,113.95,63.27
2016-06-14,36.663,114.94,62.08
2016-06-15,36.61,114.6,61.97
2016-06-16,36.213,114.39,62.22
2016-06-17,35.213,113.02,62.28
2016-06-20,35.307,113.37,62.37
2016-06-21,35.444,114.38,62.95
2016-06-22,35.524,113.91,62.71
2016-06-23,35.744,115.08,64.05
2016-06-24,34.26,112.08,59.6
2016-06-27,34.057,108.97,57.61
2016-06-28,34.563,112.7,59.52
2016-06-29,34.76,114.16,61.2
2016-06-30,35.177,114.28,62.14
2016-07-01,35.513,114.19,61.26
2016-07-04,35.513,114.19,61.26
2016-07-05,35.245,114,59.55
2016-07-06,35.449,116.7,60.19
2016-07-07,35.363,115.85,60.58
2016-07-08,35.889,117.24,61.83
2016-07-11,36.36,117.87,62.27
2016-07-12,36.626,117.93,63.2
2016-07-13,36.474,116.78,63.16
2016-07-14,36.79,117.29,64.12
2016-07-15,36.782,116.86,64.18
2016-07-18,37.66,119.37,63.96
2016-07-19,37.671,120.61,63.86
2016-07-20,37.854,121.92,63.93
2016-07-21,37.721,120.61,63.69
2016-07-22,37.964,121,64.04
2016-07-25,37.876,121.63,63.87
2016-07-26,37.883,121.22,64.13
2016-07-27,38.099,123.34,64.33
2016-07-28,38.292,125,64.1
2016-07-29,39.567,123.94,63.97
2016-08-01,40.047,124.31,63.8
2016-08-02,40.006,123.09,63.65
2016-08-03,39.946,122.51,64.66
2016-08-04,39.863,124.36,64.56
2016-08-05,40.347,125.15,66.3
2016-08-08,40.262,125.26,66.1
2016-08-09,40.374,125.06,65.87
2016-08-10,40.425,124.88,65.28
2016-08-11,40.41,124.9,65.46
2016-08-12,40.353,124.88,65.32
2016-08-15,40.298,123.9,65.72
2016-08-16,40.06,123.3,65.71
2016-08-17,40.271,124.37,65.89
2016-08-18,40.138,123.91,65.95
2016-08-19,39.983,123.56,65.86
2016-08-22,39.848,124.15,65.8
2016-08-23,39.83,124.37,65.77
2016-08-24,39.68,123.48,65.95
2016-08-25,39.565,123.89,66.07
2016-08-26,39.661,124.96,66.22
2016-08-29,39.791,126.54,66.95
2016-08-30,39.596,125.84,67.5
2016-08-31,39.493,126.12,67.5
2016-09-01,39.57,126.17,67.21
2016-09-02,39.844,126.51,67.49
2016-09-05,39.844,126.51,67.49
2016-09-06,40.401,129.73,67.44
2016-09-07,40.4,131.05,67.16
2016-09-08,40.142,130.27,67.25
2016-09-09,39.424,127.1,66.65
2016-09-12,39.941,128.69,67.06
2016-09-13,39.436,127.21,66.53
2016-09-14,39.523,127.77,66.4
2016-09-15,40.062,128.35,66.64
2016-09-16,39.899,129.07,65.82
2016-09-19,39.77,128.65,66.19
2016-09-20,39.989,128.64,66.46
2016-09-21,40.252,129.94,66.84
2016-09-22,40.798,130.08,67.39
2016-09-23,40.748,127.96,67.25
2016-09-26,40.133,127.31,65.78
2016-09-27,40.537,128.69,66.36
2016-09-28,40.503,129.23,66.71
2016-09-29,40.132,128.09,65.65
2016-09-30,40.203,128.27,66.59
2016-10-03,40.019,128.77,66.51
2016-10-04,40.14,128.19,66.6
2016-10-05,40.062,128.47,67.69
2016-10-06,40.154,128.74,67.87
2016-10-07,40.036,128.99,68.11
2016-10-10,40.709,130.24,68.64
2016-10-11,40.479,128.88,68.31
2016-10-12,40.588,129.05,68.13
2016-10-13,40.204,127.82,67.74
2016-10-14,40.23,127.88,67.52
2016-10-17,40.342,127.54,67.17
2016-10-18,41.075,128.57,67.7
2016-10-19,41.355,130.11,68.35
2016-10-20,41.082,130,68.26
2016-10-21,41.203,132.07,68.49
2016-10-24,41.787,133.28,68.87
2016-10-25,41.427,132.29,68.8
2016-10-26,41.105,131.04,69.13
2016-10-27,40.868,129.69,69.23
2016-10-28,40.978,131.29,69.11
2016-10-31,40.495,130.99,69.26
2016-11-01,40.274,129.5,68.97
2016-11-02,39.421,127.17,68.68
2016-11-03,39.11,120,68.38
2016-11-04,39.055,120.75,67.76
2016-11-07,40.102,122.15,69.88
2016-11-08,40.599,124.22,70.03
2016-11-09,40.28,123.18,73.25
2016-11-10,39.015,120.8,76.65
2016-11-11,38.588,119.02,76.69
2016-11-14,37.661,115.08,79.51
2016-11-15,38.758,117.2,79.36
2016-11-16,38.999,116.34,77.4
2016-11-17,39.308,117.79,78.02
2016-11-18,38.799,117.02,77.71
2016-11-21,39.24,121.77,78.05
2016-11-22,39.25,121.47,78.53
2016-11-23,38.95,120.84,78.86
2016-11-24,38.95,120.84,78.86
2016-11-25,39.012,120.38,78.83
2016-11-28,39.29,120.41,78.32
2016-11-29,39.472,120.87,78.92
2016-11-30,38.794,118.42,80.17
2016-12-01,38.217,115.1,81.79
2016-12-02,38.223,115.4,81.6
2016-12-05,38.911,117.43,83.26
2016-12-06,38.809,117.31,83.69
2016-12-07,39.574,117.95,84.07
2016-12-08,39.759,118.91,85.12
2016-12-09,40.473,119.68,85.49
2016-12-12,40.395,117.77,84.73
2016-12-13,40.767,120.31,84.76
2016-12-14,40.895,120.21,84.73
2016-12-15,40.783,120.57,86
2016-12-16,40.492,119.87,84.94
2016-12-19,40.625,119.24,85.43
2016-12-20,40.76,119.09,86.53
2016-12-21,40.61,119.04,86.75
2016-12-22,40.484,117.4,86.89
2016-12-23,40.39,117.27,87.05
2016-12-26,40.39,117.27,87.05
2016-12-27,40.497,118.01,87.13
2016-12-28,40.229,116.92,86.5
2016-12-29,40.144,116.35,85.89
2016-12-30,39.623,115.05,86.29
2017-01-02,39.623,115.05,86.29
2017-01-03,40.401,116.86,87.23
2017-01-04,40.389,118.69,86.91
2017-01-05,40.651,120.67,86.11
2017-01-06,41.261,123.41,86.12
2017-01-09,41.359,124.9,86.18
2017-01-10,41.301,124.35,86.43
2017-01-11,41.493,126.09,87.08
2017-01-12,41.477,126.62,86.24
2017-01-13,41.547,128.34,86.7
2017-01-16,41.547,128.34,86.7
2017-01-17,41.373,127.87,83.55
2017-01-18,41.451,127.92,83.94
2017-01-19,41.219,127.55,83.3
2017-01-20,41.409,127.04,83.67
2017-01-23,42.222,128.93,83.71
2017-01-24,42.477,129.37,84.72
2017-01-25,42.923,131.48,86.03
2017-01-26,42.849,132.78,86.75
2017-01-27,42.252,132.18,86.93
2017-01-30,41.192,130.98,86.03
2017-01-31,41.01,130.32,84.63
2017-02-01,40.762,133.23,84.95
2017-02-02,40.913,130.84,84.59
2017-02-03,41.007,130.98,87.18
2017-02-06,41.081,132.06,86.77
2017-02-07,41.462,131.84,86.72
2017-02-08,41.494,134.2,85.96
2017-02-09,41.503,134.14,87.2
2017-02-10,41.743,134.19,87
2017-02-13,41.948,134.05,88.15
2017-02-14,42.002,133.85,89.56
2017-02-15,41.866,133.44,90.59
2017-02-16,42.109,133.84,90.53
2017-02-17,42.328,133.53,90.23
2017-02-20,42.328,133.53,90.23
2017-02-21,42.463,133.72,91.01
2017-02-22,42.568,136.12,91.06
2017-02-23,42.55,135.36,91.13
2017-02-24,42.39,135.44,90.33
2017-02-27,42.484,136.41,90.43
2017-02-28,42.247,135.54,90.62
2017-03-01,42.838,137.42,93.6
2017-03-02,42.493,136.76,92.14
2017-03-03,42.454,137.17,92.8
2017-03-06,42.364,137.42,91.92
2017-03-07,42.558,137.3,91.41
2017-03-08,42.682,137.72,91.21
2017-03-09,42.892,138.24,91.57
2017-03-10,43.07,138.79,91.28
2017-03-13,43.229,139.6,91.36
2017-03-14,43.296,139.32,91.51
2017-03-15,43.42,139.72,91.73
2017-03-16,43.5,139.99,91.64
2017-03-17,43.619,139.84,90.68
2017-03-20,43.396,139.94,90.03
2017-03-21,42.507,138.51,87.39
2017-03-22,42.49,139.59,87.53
2017-03-23,41.983,139.53,87.39
2017-03-24,41.757,140.34,87.29
2017-03-27,41.926,140.32,87.24
2017-03-28,42.032,141.76,88.6
2017-03-29,42.494,142.65,88.27
2017-03-30,42.474,142.41,89.03
2017-03-31,42.39,142.05,87.84
2017-04-03,42.838,142.28,87.52
2017-04-04,42.629,141.73,87.31
2017-04-05,42.445,141.85,86.19
2017-04-06,42.255,141.17,86.48
2017-04-07,42.105,140.78,86.18
2017-04-10,42.085,141.04,85.88
2017-04-11,41.994,139.92,85.73
2017-04-12,42.073,139.58,85.4
2017-04-13,42.009,139.39,84.4
2017-04-14,42.009,139.39,84.4
2017-04-17,42.757,141.42,85.86
2017-04-18,42.7,140.96,85.16
2017-04-19,42.826,142.27,84.46
2017-04-20,43.004,143.8,85.55
2017-04-21,42.948,143.68,84.52
2017-04-24,43.947,145.47,87.5
2017-04-25,44.442,146.49,88.26
2017-04-26,44.457,146.56,88.43
2017-04-27,44.572,147.7,87.61
2017-04-28,46.226,150.25,87
2017-05-01,46.641,152.46,87.06
2017-05-02,46.855,152.78,86.5
2017-05-03,47.423,151.8,87
2017-05-04,47.736,150.85,87.1
2017-05-05,47.514,150.24,87
2017-05-08,47.935,151.06,87.1
2017-05-09,47.836,150.48,86.75
2017-05-10,47.742,150.29,87.43
2017-05-11,47.795,150.04,87.16
2017-05-12,47.757,150.33,86.92
2017-05-15,47.961,150.19,87.34
2017-05-16,48.231,149.78,87.61
2017-05-17,47.109,144.85,84.27
2017-05-18,47.525,147.66,83.96
2017-05-19,47.733,148.06,84.78
2017-05-22,48.204,148.24,84.7
2017-05-23,48.527,148.07,85.76
2017-05-24,48.881,150.04,85.71
2017-05-25,49.593,151.96,85.35
2017-05-26,49.664,152.13,85.36
2017-05-29,49.664,152.13,85.36
2017-05-30,49.808,152.38,83.9
2017-05-31,49.355,151.46,82.15
2017-06-01,49.415,151.53,83.06
2017-06-02,49.806,153.61,82.64
2017-06-05,50.194,153.63,82.79
2017-06-06,49.834,152.81,82.96
2017-06-07,50.08,153.12,83.91
2017-06-08,50.214,154.71,84.95
2017-06-09,48.506,149.6,86.96
2017-06-12,48.091,148.44,86.98
2017-06-13,48.525,150.68,87.27
2017-06-14,48.396,150.25,87.09
2017-06-15,48.009,149.8,86.57
2017-06-16,47.931,150.64,86.18
2017-06-19,48.761,152.87,88.07
2017-06-20,48.45,152.25,87.52
2017-06-21,48.93,153.91,87.12
2017-06-22,48.831,153.4,87.02
2017-06-23,49.305,155.07,86.86
2017-06-26,48.605,153.59,87.24
2017-06-27,47.405,150.58,88.05
2017-06-28,48.051,153.24,89.82
2017-06-29,46.891,151.04,91.15
2017-06-30,46.484,150.98,91.4
2017-07-03,45.973,148.43,92.75
2017-07-04,45.973,148.43,92.75
2017-07-05,46.613,150.34,93.68
2017-07-06,46.385,148.82,93.38
2017-07-07,47.04,151.44,93.85
2017-07-10,47.55,153.5,93.19
2017-07-11,47.677,155.27,92.83
2017-07-12,48.383,158.9,92.51
2017-07-13,48.443,159.26,93.1
2017-07-14,48.846,159.97,92.25
2017-07-17,48.798,159.73,91.39
2017-07-18,49.348,162.86,91.07
2017-07-19,49.639,164.14,91.2
2017-07-20,49.61,164.53,91.2
2017-07-21,49.692,164.43,90.89
2017-07-24,49.915,166,91.28
2017-07-25,48.451,165.28,92.8
2017-07-26,48.265,165.61,91.93
2017-07-27,47.626,170.44,91.55
2017-07-28,47.917,172.45,91.28
2017-07-31,47.275,169.25,91.8
2017-08-01,47.328,169.86,93.03
2017-08-02,47.382,169.3,93.11
2017-08-03,47.015,168.59,92.5
2017-08-04,47.29,169.62,93.66
2017-08-07,47.288,171.98,94.02
2017-08-08,47.21,171.23,93.68
2017-08-09,47.004,171.18,93.53
2017-08-10,46.18,167.4,92.19
2017-08-11,46.505,168.08,91.42
2017-08-14,46.947,170.75,92.49
2017-08-15,46.904,171,92.73
2017-08-16,47.213,170,92.09
2017-08-17,46.383,166.91,90.65
2017-08-18,46.309,167.41,90.74
2017-08-21,46.044,167.78,90.63
2017-08-22,47.02,169.64,91.56
2017-08-23,47.129,168.71,91.67
2017-08-24,46.845,167.74,91.52
2017-08-25,46.525,166.32,91.89
2017-08-28,46.407,167.24,91.6
2017-08-29,46.788,168.05,91.1
2017-08-30,47.182,169.92,91.31
2017-08-31,47.762,171.97,90.89
2017-09-01,47.6,172.02,91.7
2017-09-04,47.6,172.02,91.7
2017-09-05,47.074,170.72,89.51
2017-09-06,47.101,172.09,90.11
2017-09-07,47.495,173.21,88.53
2017-09-08,47.07,170.95,88.42
2017-09-11,47.165,173.51,89.79
2017-09-12,47.332,172.96,90.89
2017-09-13,47.522,173.05,91.15
2017-09-14,47.007,170.96,90.97
2017-09-15,46.765,171.64,91.62
2017-09-18,46.488,170.01,92.92
2017-09-19,46.843,172.52,93.94
2017-09-20,47.377,172.17,94.6
2017-09-21,47.378,171.11,95.03
2017-09-22,47.163,170.54,94.83
2017-09-25,46.714,162.87,94.12
2017-09-26,46.872,164.21,93.7
2017-09-27,47.995,167.68,95.18
2017-09-28,48.241,168.73,95.38
2017-09-29,48.686,170.87,95.51
2017-10-02,48.374,169.47,96.84
2017-10-03,48.604,169.96,97.35
2017-10-04,48.339,168.42,96.36
2017-10-05,49.26,171.24,97.09
2017-10-06,49.682,172.23,96.92
2017-10-09,49.616,172.5,96.41
2017-10-10,49.39,171.59,97.13
2017-10-11,50.283,172.74,96.84
2017-10-12,50.283,172.55,95.99
2017-10-13,50.394,173.74,95.86
2017-10-16,50.468,174.52,97.84
2017-10-17,50.55,176.11,97.62
2017-10-18,50.637,176.03,97.99
2017-10-19,50.092,174.56,98.11
2017-10-20,50.254,174.98,99.51
2017-10-23,49.277,171.27,99.34
2017-10-24,49.425,171.8,100.92
2017-10-25,49.573,170.6,101.02
2017-10-26,49.571,170.63,101.74
2017-10-27,51.684,177.88,101.77
2017-10-30,51.657,179.87,101.41
2017-10-31,51.652,180.06,100.61
2017-11-01,52.13,182.66,100.92
2017-11-02,52.149,178.92,101.59
2017-11-03,52.5,178.92,101.41
2017-11-06,52.134,180.17,100.78
2017-11-07,52.62,180.25,98.75
2017-11-08,52.915,179.56,97.64
2017-11-09,52.386,179.3,97.63
2017-11-10,52.208,178.46,97.51
2017-11-13,52.06,178.77,97.86
2017-11-14,52.082,178.07,97.27
2017-11-15,51.821,177.95,98.19
2017-11-16,52.424,179.59,98.47
2017-11-17,51.795,179,98.14
2017-11-20,51.733,178.74,99.01
2017-11-21,52.515,181.86,98.93
2017-11-22,52.596,180.87,98.64
2017-11-23,52.596,180.87,98.64
2017-11-24,52.826,182.78,98.32
2017-11-27,53.601,183.03,97.93
2017-11-28,53.165,182.42,101.36
2017-11-29,51.869,175.13,103.73
2017-11-30,51.809,177.18,104.52
2017-12-01,51.253,175.1,104.79
2017-12-04,50.594,171.47,106.95
2017-12-05,50.98,172.83,105.72
2017-12-06,51.636,176.06,104.93
2017-12-07,52.229,180.14,104.62
2017-12-08,52.469,179,105.93
2017-12-11,52.599,179.04,105.62
2017-12-12,52.439,176.96,106.85
2017-12-13,52.57,178.3,105.51
2017-12-14,52.874,178.39,104.66
2017-12-15,53.6,180.18,106.14
2017-12-18,54.254,180.82,106.96
2017-12-19,53.989,179.51,106.51
2017-12-20,53.678,177.89,106.14
2017-12-21,53.543,177.45,107.83
2017-12-22,53.443,177.2,107.45
2017-12-25,53.443,177.2,107.45
2017-12-26,53.293,175.99,107.02
2017-12-27,53.01,177.62,107.22
2017-12-28,52.798,177.92,107.79
2017-12-29,52.67,176.46,106.94
2018-01-01,52.67,176.46,106.94
2018-01-02,53.661,181.42,107.95
2018-01-03,54.576,184.67,108.06
2018-01-04,54.788,184.33,109.04
2018-01-05,55.515,186.85,108.34
2018-01-08,55.711,188.28,108.5
2018-01-09,55.64,187.87,109.05
2018-01-10,55.507,187.84,110.25
2018-01-11,55.603,187.77,110.84
2018-01-12,56.533,179.37,112.67
2018-01-15,56.533,179.37,112.67
2018-01-16,56.535,178.39,112.27
2018-01-17,56.955,177.6,112.99
2018-01-18,56.799,179.8,113.26
2018-01-19,57.175,181.29,113.01
2018-01-22,58.208,185.37,114.33
2018-01-23,58.809,189.35,114.21
2018-01-24,58.564,186.55,115.67
2018-01-25,59.107,187.48,115.7
2018-01-26,59.378,190,116.32
2018-01-29,59.324,185.98,116.2
2018-01-30,58.869,187.12,115.11
2018-01-31,59.111,186.89,115.67
2018-02-01,59.079,193.09,116.87
2018-02-02,55.96,190.28,114.28
2018-02-05,53.12,181.26,108.8
2018-02-06,54.222,185.31,112.11
2018-02-07,52.771,180.18,112.87
2018-02-08,50.386,171.58,107.88
2018-02-09,52.314,176.11,110.04
2018-02-12,52.728,176.41,111.74
2018-02-13,52.707,173.15,112.43
2018-02-14,53.635,179.52,115.03
2018-02-15,54.568,179.96,115.51
2018-02-16,54.775,177.36,114.68
2018-02-19,54.775,177.36,114.68
2018-02-20,55.18,176.01,114.71
2018-02-21,55.688,177.91,115.19
2018-02-22,55.495,178.99,114.98
2018-02-23,56.405,183.29,117.31
2018-02-26,57.185,184.93,118.77
2018-02-27,55.876,181.46,117.36
2018-02-28,55.196,178.32,115.5
2018-03-01,53.571,175.94,113.43
2018-03-02,54.207,176.62,113.32
2018-03-05,54.738,180.4,115.06
2018-03-06,55.045,179.78,115.16
2018-03-07,55.752,183.71,114.73
2018-03-08,56.469,182.34,114.74
2018-03-09,58.042,185.23,118.04
2018-03-12,58.297,184.76,117.66
2018-03-13,56.996,181.88,116.25
2018-03-14,57.445,184.19,114.95
2018-03-15,57.531,183.86,115.24
2018-03-16,56.721,185.09,115.44
2018-03-19,55.003,172.56,114.53
2018-03-20,54.79,168.15,114.64
2018-03-21,54.7,169.39,114.74
2018-03-22,52.658,164.89,109.95
2018-03-23,51.328,159.39,107.01
2018-03-26,52.704,160.06,110.31
2018-03-27,50.347,152.22,108.17
2018-03-28,50.259,153.03,108
2018-03-29,51.857,159.79,109.97
2018-03-30,51.857,159.79,109.97
2018-04-02,50.632,155.39,107.85
2018-04-03,50.934,156.11,109.33
2018-04-04,51.486,155.1,110.99
2018-04-05,51.632,159.34,111.88
2018-04-06,50.498,157.2,109.09
2018-04-09,51.005,157.93,110.4
2018-04-10,51.825,165.04,112.51
2018-04-11,51.253,166.32,110.62
2018-04-12,51.865,163.87,113.37
2018-04-13,51.802,164.52,110.3
2018-04-16,52.305,164.83,110.21
2018-04-17,53.968,168.66,110.21
2018-04-18,53.77,166.36,109.32
2018-04-19,54.473,168.1,111.72
2018-04-20,53.866,166.28,111.47
2018-04-23,53.691,165.84,110.93
2018-04-24,51.132,159.69,110.41
2018-04-25,51.15,159.69,109.99
2018-04-26,52.165,174.16,110.1
2018-04-27,51.573,173.59,109.4
2018-04-30,50.929,172,108.78
2018-05-01,52.038,173.86,108.78
2018-05-02,51.302,176.07,107.92
2018-05-03,51.315,174.02,107.24
2018-05-04,52.55,176.61,108.43
2018-05-07,52.973,177.97,109.37
2018-05-08,52.93,178.92,110.99
2018-05-09,54.448,182.66,113.41
2018-05-10,55.274,185.53,114.29
2018-05-11,55.169,186.99,113.86
2018-05-14,55.33,186.64,113.9
2018-05-15,54.244,184.32,113.03
2018-05-16,54.204,183.2,113.34
2018-05-17,54.063,183.76,112.96
2018-05-18,53.482,182.68,111.13
2018-05-21,54.201,184.49,112.15
2018-05-22,53.765,183.8,113.01
2018-05-23,54.298,186.9,112.49
2018-05-24,54.273,185.93,111.23
2018-05-25,54.204,184.92,110.66
2018-05-28,54.204,184.92,110.66
2018-05-29,53.403,185.74,105.93
2018-05-30,53.874,187.67,108.35
2018-05-31,55,191.78,107.01
2018-06-01,56.75,193.99,108.4
2018-06-04,57.652,193.28,108.45
2018-06-05,57.551,192.94,107.84
2018-06-06,57.348,191.34,110.36
2018-06-07,56.721,188.18,110.8
2018-06-08,56.636,189.1,111.11
2018-06-11,57.045,191.54,110.83
2018-06-12,57.41,192.4,110.19
2018-06-13,57.212,192.41,109.97
2018-06-14,58.006,196.81,108.03
2018-06-15,57.963,195.85,107.9
2018-06-18,59.179,198.31,108.18
2018-06-19,58.935,197.49,107.55
2018-06-20,59.204,202,107.54
2018-06-21,58.472,201.5,107.51
2018-06-22,58.465,201.74,105.75
2018-06-25,56.964,196.35,104.79
2018-06-26,56.631,199,104.86
2018-06-27,55.847,195.84,103.24
2018-06-28,56.339,196.23,104.93
2018-06-29,56.46,194.32,104.2
2018-07-02,57.105,197.36,105.08
2018-07-03,55.814,192.73,103.61
2018-07-04,55.814,192.73,103.61
2018-07-05,57.064,198.45,103.72
2018-07-06,57.754,203.23,104.06
2018-07-09,58.364,204.74,107.28
2018-07-10,58.357,203.54,106.62
2018-07-11,58.573,202.54,106.39
2018-07-12,60.063,206.92,106.85
2018-07-13,60.221,207.32,106.36
2018-07-16,59.826,207.23,110.58
2018-07-17,60.654,209.99,110.5
2018-07-18,60.646,209.36,111.53
2018-07-19,59.955,208.09,109.89
2018-07-20,59.894,209.94,111.28
2018-07-23,60.55,210.91,113.35
2018-07-24,62.908,214.67,114.15
2018-07-25,63.797,217.5,115.18
2018-07-26,64.275,176.26,114.85
2018-07-27,62.645,174.89,116.03
2018-07-30,61.502,171.06,116.73
2018-07-31,61.361,172.58,114.95
2018-08-01,61.65,171.65,115.66
2018-08-02,62.057,176.37,116.15
2018-08-03,61.908,177.78,117.09
2018-08-06,61.884,185.69,117.12
2018-08-07,62.792,183.81,117.55
2018-08-08,63.067,185.18,117.79
2018-08-09,63.223,183.09,116.88
2018-08-10,62.626,180.26,115.73
2018-08-13,62.432,180.05,113.89
2018-08-14,62.907,181.11,114.65
2018-08-15,61.611,179.53,113.7
2018-08-16,61.203,174.7,114.77
2018-08-17,60.793,173.8,114.77
2018-08-20,61.098,172.5,114.62
2018-08-21,60.871,172.62,115.32
2018-08-22,61.088,173.64,114.97
2018-08-23,61.058,172.9,114.73
2018-08-24,61.838,174.645,114.68
2018-08-27,62.814,177.46,116.71
2018-08-28,62.293,176.26,116.14
2018-08-29,63.233,175.9,115.76
2018-08-30,62.722,177.64,115.19
2018-08-31,61.59,175.73,114.58
2018-09-03,61.59,175.73,114.58
2018-09-04,60.566,171.16,115.15
2018-09-05,59.955,167.18,114.59
2018-09-06,59.2,162.53,114.1
2018-09-07,58.879,163.04,114.32
2018-09-10,58.753,164.18,113.71
2018-09-11,59.5,165.94,114.43
2018-09-12,58.58,162,113.08
2018-09-13,59.107,161.36,113.52
2018-09-14,58.899,162.32,113.5
2018-09-17,57.991,160.58,113.84
2018-09-18,58.355,160.3,114.3
2018-09-19,58.713,163.06,117.62
2018-09-20,59.579,166.02,118.63
2018-09-21,58.606,162.93,117.85
2018-09-24,58.978,165.41,116.72
2018-09-25,59.695,164.91,116.39
2018-09-26,59.703,166.95,115.02
2018-09-27,60.368,168.84,114.52
2018-09-28,60.354,164.46,112.84
2018-10-01,60.427,162.44,113.5
2018-10-02,60.382,159.33,113.97
2018-10-03,60.576,162.43,115.04
2018-10-04,58.854,158.85,115.27
2018-10-05,58.391,157.33,114.62
2018-10-08,57.796,157.25,115.32
2018-10-09,57.259,157.9,114.52
2018-10-10,54.608,151.38,111.47
2018-10-11,54.537,153.35,108.13
2018-10-12,56.027,153.74,106.95
2018-10-15,55.122,153.52,106.34
2018-10-16,56.654,158.78,108.62
2018-10-17,56.379,159.42,109.83
2018-10-18,54.896,154.92,108.09
2018-10-19,55.259,154.05,107.91
2018-10-22,55.568,154.78,106.36
2018-10-23,55.746,154.39,105.25
2018-10-24,52.856,146.04,103.29
2018-10-25,55.18,150.95,104.86
2018-10-26,54.188,145.37,103.42
2018-10-29,51.737,142.09,104.85
2018-10-30,52.476,146.22,106.7
2018-10-31,54.529,151.79,109.02
2018-11-01,54.299,151.75,108.98
2018-11-02,53.575,150.35,108.38
2018-11-05,52.787,148.68,109.09
2018-11-06,53.479,149.94,109.6
2018-11-07,55.412,151.53,111.48
2018-11-08,54.732,147.87,112.38
2018-11-09,53.851,144.96,111.29
2018-11-12,52.468,141.55,108.95
2018-11-13,52.399,142.16,109.59
2018-11-14,52.729,144.22,107.33
2018-11-15,53.552,143.85,110.07
2018-11-16,53.414,139.53,109.99
2018-11-19,51.371,131.55,110.83
2018-11-20,51.523,132.43,108.45
2018-11-21,52.172,134.82,107.64
2018-11-22,52.172,134.82,107.64
2018-11-23,51.505,131.73,106.65
2018-11-26,52.797,136.38,109.26
2018-11-27,52.614,135,109.72
2018-11-28,54.59,136.76,110.94
2018-11-29,54.729,138.68,110.06
2018-11-30,55.483,140.61,111.19
2018-12-03,55.818,141.09,112.24
2018-12-04,53.124,137.93,107.23
2018-12-05,53.124,137.93,107.23
2018-12-06,53.904,139.63,105.19
2018-12-07,52.329,137.42,103.29
2018-12-10,52.659,141.85,101.36
2018-12-11,53.083,142.08,100.37
2018-12-12,53.687,144.5,101.02
2018-12-13,53.677,145.01,101.12
2018-12-14,52.586,144.06,100.29
2018-12-17,51.283,140.19,99.01
2018-12-18,52.171,143.66,98.54
2018-12-19,51.773,133.24,97.29
2018-12-20,51.179,133.4,96.45
2018-12-21,49.563,124.95,94.17
2018-12-24,49.234,124.06,92.14
2018-12-25,49.234,124.06,92.14
2018-12-26,52.393,134.18,95.96
2018-12-27,52.645,134.52,97.04
2018-12-28,52.334,133.2,96.83
2018-12-31,52.248,131.09,97.62
2019-01-01,52.248,131.09,97.62
2019-01-02,52.734,135.68,99.31
2019-01-03,51.274,131.74,97.11
2019-01-04,53.903,137.95,100.69
2019-01-07,53.796,138.05,100.76
2019-01-08,54.268,142.53,100.57
2019-01-09,54.083,144.23,100.4
2019-01-10,53.942,144.2,100.39
2019-01-11,53.224,143.8,99.91
2019-01-14,52.576,145.39,100.94
2019-01-15,54.326,148.95,101.68
2019-01-16,54.476,147.54,102.5
2019-01-17,54.956,148.3,102.92
2019-01-18,55.365,150.04,104.59
2019-01-21,55.365,150.04,104.59
2019-01-22,53.932,147.57,102.94
2019-01-23,54.221,144.3,102.68
2019-01-24,54.2,145.83,102.74
2019-01-25,55.076,149.01,103.39
2019-01-28,53.993,147.47,103.88
2019-01-29,53.503,144.19,104.17
2019-01-30,54.9,150.42,104.41
2019-01-31,56.295,166.69,103.5
2019-02-01,55.931,165.71,103.88
2019-02-04,57.071,169.25,104.25
2019-02-05,57.593,171.16,103.79
2019-02-06,56.145,170.49,103.74
2019-02-07,55.296,166.38,102.38
2019-02-08,55.119,167.33,101.36
2019-02-11,55.106,165.79,100.88
2019-02-12,56.379,165.04,102.6
2019-02-13,56.432,164.07,103.09
2019-02-14,56.46,163.95,102.42
2019-02-15,55.982,162.5,105.55
2019-02-18,55.982,162.5,105.55
2019-02-19,56.326,162.29,105.18
2019-02-20,56.03,162.56,105.69
2019-02-21,55.211,160.04,105.47
2019-02-22,55.828,161.89,105
2019-02-25,55.866,164.62,106.1
2019-02-26,56.101,164.13,105.29
2019-02-27,56.145,162.81,105.16
2019-02-28,56.328,161.45,104.36
2019-03-01,57.426,162.28,104.43
2019-03-04,57.671,167.37,104.19
2019-03-05,58.46,171.26,104.11
2019-03-06,58.247,172.51,103.72
2019-03-07,57.543,169.13,102.97
2019-03-08,57.499,169.6,103.01
2019-03-11,58.963,172.07,104.35
2019-03-12,59.863,171.92,104.04
2019-03-13,59.953,173.37,104.39
2019-03-14,59.627,170.17,105.34
2019-03-15,59.515,165.98,106.55
2019-03-18,59.427,160.47,107.19
2019-03-19,60.123,161.57,106.8
2019-03-20,61.322,165.44,104.52
2019-03-21,61.807,166.08,102.87
2019-03-22,60.383,164.34,99.76
2019-03-25,59.869,166.29,98.93
2019-03-26,59.492,167.68,99.92
2019-03-27,58.901,165.87,99.58
2019-03-28,58.614,165.55,100.71
2019-03-29,58.845,166.69,101.23
2019-04-01,59.949,168.7,104.64
2019-04-02,60.277,174.2,105.14
2019-04-03,60.54,173.54,105.35
2019-04-04,60.973,176.02,105.56
2019-04-05,60.573,175.72,105.31
2019-04-08,60.414,174.93,105.65
2019-04-09,60.135,177.58,104.87
2019-04-10,60.323,177.82,105.34
2019-04-11,60.479,177.51,106.23
2019-04-12,61.137,179.1,111.21
2019-04-15,61.326,179.65,109.94
2019-04-16,61.596,178.87,111.1
2019-04-17,62.007,178.78,114.3
2019-04-18,62.074,178.28,113.46
2019-04-19,62.074,178.28,113.46
2019-04-22,62.688,181.44,113.6
2019-04-23,63.53,183.78,113.74
2019-04-24,63.003,182.58,113.55
2019-04-25,63.367,193.26,113.61
2019-04-26,63.871,191.49,114.47
2019-04-29,64.81,194.78,116.12
2019-04-30,59.948,193.4,116.05
2019-05-01,58.666,193.03,115.16
2019-05-02,58.326,192.53,115.41
2019-05-03,59.478,195.47,116.12
2019-05-06,59.673,193.88,115.09
2019-05-07,58.943,189.77,113.21
2019-05-08,58.539,189.54,112.61
2019-05-09,58.399,188.65,112.52
2019-05-10,58.382,188.34,112.51
2019-05-13,56.829,181.54,109.45
2019-05-14,56.243,180.73,110.32
2019-05-15,58.54,186.27,109.9
2019-05-16,59.225,186.99,111.31
2019-05-17,58.439,185.3,110.77
2019-05-20,57.233,182.72,111.35
2019-05-21,57.722,184.82,111.73
2019-05-22,57.793,185.32,110.82
2019-05-23,57.267,180.87,108.64
2019-05-24,56.93,181.06,109.71
2019-05-27,56.93,181.06,109.71
2019-05-28,56.978,184.31,108.52
2019-05-29,55.997,182.19,108.22
2019-05-30,56.071,183.01,107.06
2019-05-31,55.325,177.47,105.96
2019-06-03,51.937,164.15,106.46
2019-06-04,52.725,167.5,109.74
2019-06-05,52.232,168.17,110.13
2019-06-06,52.388,168.33,110.37
2019-06-07,53.418,173.35,109.16
2019-06-10,54.138,174.82,110.34
2019-06-11,54.052,178.1,110.68
2019-06-12,53.955,175.04,109.27
2019-06-13,54.551,177.47,109.54
2019-06-14,54.315,181.33,109.82
2019-06-17,54.695,189.01,109.22
2019-06-18,55.262,188.47,110.71
2019-06-19,55.226,187.48,109.91
2019-06-20,55.66,189.53,110.19
2019-06-21,56.268,191.14,109.44
2019-06-24,55.835,192.6,108.66
2019-06-25,54.379,188.84,107.76
2019-06-26,54.016,187.66,108.48
2019-06-27,53.832,189.5,108.84
2019-06-28,54.14,193,111.8
2019-07-01,55,193,113.68
2019-07-02,55.63,195,113.8
2019-07-03,56.15,197.2,112.82
2019-07-04,56.15,197.2,112.82
2019-07-05,56.633,196.4,113.49
2019-07-08,55.84,195.76,112.87
2019-07-09,56.215,199.21,113.35
2019-07-10,57.046,202.73,113.02
2019-07-11,57.204,201.23,114.1
2019-07-12,57.267,204.87,115.3
2019-07-15,57.526,203.91,113.9
2019-07-16,57.673,203.84,115.12
2019-07-17,57.337,201.8,113.99
2019-07-18,57.362,200.78,114.67
2019-07-19,56.578,198.36,113.54
2019-07-22,56.961,202.32,114.27
2019-07-23,57.402,202.36,116.36
2019-07-24,56.987,204.66,116.83
2019-07-25,56.797,200.71,115.71
2019-07-26,62.261,199.75,116.22
2019-07-29,62.092,195.94,115.85
2019-07-30,61.4,197.04,115.59
2019-07-31,60.91,194.23,116
2019-08-01,60.589,192.73,112.94
2019-08-02,59.816,189.02,112.93
2019-08-05,57.738,181.73,109.57
2019-08-06,58.554,184.51,110.43
2019-08-07,58.796,185.15,108.03
2019-08-08,60.31,190.16,109.86
2019-08-09,59.445,187.85,109.74
2019-08-12,58.725,185.37,107.68
2019-08-13,59.837,188.45,109.34
2019-08-14,58.213,179.71,104.8
2019-08-15,58.466,182.59,105.2
2019-08-16,58.961,183.7,107.72
2019-08-19,60.022,186.17,108.69
2019-08-20,59.177,183.81,107.31
2019-08-21,59.579,183.55,107.61
2019-08-22,59.576,182.04,108.72
2019-08-23,57.679,177.75,106.02
2019-08-26,58.559,180.36,106.87
2019-08-27,58.541,181.3,105.74
2019-08-28,58.688,181.76,106.8
2019-08-29,59.712,185.57,109.22
2019-08-30,59.527,185.67,109.86
2019-09-02,59.527,185.67,109.86
2019-09-03,58.478,182.39,108.56
2019-09-04,59.114,187.14,109.87
2019-09-05,60.61,190.9,112.37
2019-09-06,60.316,187.49,112.61
2019-09-09,60.264,188.76,115.4
2019-09-10,60.285,186.17,116.87
2019-09-11,61,188.49,117.19
2019-09-12,61.749,187.47,117.91
2019-09-13,62.002,187.19,120.23
2019-09-16,61.582,186.22,119.16
2019-09-17,61.494,188.08,118.57
2019-09-18,61.633,188.14,119.76
2019-09-19,61.938,190.14,119.38
2019-09-20,61.492,189.93,118.9
2019-09-23,61.735,186.82,118.88
2019-09-24,60.917,181.28,117.33
2019-09-25,62.297,182.8,118
2019-09-26,62.115,180.11,117.03
2019-09-27,61.298,177.1,117.72
2019-09-30,61.057,178.08,117.69
2019-10-01,60.3,175.81,115.55
2019-10-02,58.896,174.6,113.25
2019-10-03,59.472,179.38,112.19
2019-10-04,60.548,180.45,114.62
2019-10-07,60.413,179.68,114.37
2019-10-08,59.507,177.75,111.82
2019-10-09,60.12,179.85,112.63
2019-10-10,60.474,180.03,114.21
2019-10-11,60.786,184.19,116.14
2019-10-14,60.889,183.28,116.45
2019-10-15,62.112,188.89,119.96
2019-10-16,62.15,189.55,119.68
2019-10-17,62.64,190.39,120.35
2019-10-18,62.221,185.85,120.56
2019-10-21,62.214,189.76,123.55
2019-10-22,62.06,182.34,124.79
2019-10-23,62.882,186.15,125.12
2019-10-24,62.955,186.38,125.03
2019-10-25,63.215,187.89,126.03
2019-10-28,64.449,189.4,126.51
2019-10-29,63.033,189.31,126.43
2019-10-30,63.035,188.25,125.73
2019-10-31,62.94,191.65,124.92
2019-11-01,63.613,193.62,127.8
2019-11-04,64.48,194.72,128.82
2019-11-05,64.572,194.32,129.1
2019-11-06,64.551,191.55,129.3
2019-11-07,65.347,190.42,130
2019-11-08,65.45,190.84,130.38
2019-11-11,64.914,189.61,129.92
2019-11-12,64.861,194.47,129.16
2019-11-13,64.809,193.19,128.48
2019-11-14,65.458,193.15,128.6
2019-11-15,66.677,195.1,129.53
2019-11-18,65.992,197.4,130.62
2019-11-19,65.63,199.32,130.58
2019-11-20,65.093,197.51,129.63
2019-11-21,65.007,197.93,129.93
2019-11-22,64.684,198.82,130.79
2019-11-25,65.282,199.79,131.49
2019-11-26,65.65,198.97,131.67
2019-11-27,65.607,202,132.06
2019-11-28,65.607,202,132.06
2019-11-29,65.204,201.64,131.76
2019-12-02,64.443,199.7,131.47
2019-12-03,64.737,198.82,129.78
2019-12-04,65.947,198.71,132.34
2019-12-05,66.348,199.36,133.06
2019-12-06,66.97,201.05,135.04
2019-12-09,67.15,201.34,134.41
2019-12-10,67.145,200.87,134.5
2019-12-11,67.213,202.26,134.18
2019-12-12,67.425,196.75,138.02
2019-12-13,67.343,194.11,136.81
2019-12-16,68.035,197.92,137.34
2019-12-17,67.745,198.39,138.18
2019-12-18,67.596,202.5,138.04
2019-12-19,67.822,206.06,137.35
2019-12-20,67.561,206.3,137.24
2019-12-23,67.532,206.18,137.2
2019-12-24,67.222,205.12,137.58
2019-12-25,67.222,205.12,137.58
2019-12-26,68.124,207.79,139.04
2019-12-27,67.732,208.1,139.14
2019-12-30,66.986,204.41,138.63
2019-12-31,66.97,205.25,139.4
2020-01-01,66.97,205.25,139.4
2020-01-02,68.434,209.78,141.09
2020-01-03,68.076,208.67,138.34
2020-01-06,69.891,212.6,138.23
2020-01-07,69.756,213.06,135.88
2020-01-08,70.252,215.22,136.94
2020-01-09,70.989,218.3,137.44
2020-01-10,71.448,218.06,136.07
2020-01-13,72.002,221.91,137.2
2020-01-14,71.53,219.06,138.8
2020-01-15,71.96,221.15,136.72
2020-01-16,72.508,221.77,137.25
2020-01-17,73.976,222.14,138.2
2020-01-20,73.976,222.14,138.2
2020-01-21,74.113,221.44,136.84
2020-01-22,74.209,221.32,136.68
2020-01-23,74.235,219.76,136.54
2020-01-24,73.309,217.94,133.15
2020-01-27,71.587,214.87,132.03
2020-01-28,72.525,217.79,134.43
2020-01-29,72.835,223.23,134.23
2020-01-30,72.713,209.53,135.89
2020-01-31,71.639,201.91,132.36
2020-02-03,74.13,204.19,133.37
2020-02-04,72.271,209.83,135.29
2020-02-05,72.303,210.11,137.59
2020-02-06,73.799,210.85,137.61
2020-02-07,73.956,212.33,137.17
2020-02-10,75.433,213.06,137.74
2020-02-11,75.503,207.19,138
2020-02-12,75.932,210.76,138
2020-02-13,75.67,213.14,137.88
2020-02-14,75.937,214.18,137.46
2020-02-17,75.937,214.18,137.46
2020-02-18,75.972,217.8,135.64
2020-02-19,76.244,217.49,137.49
2020-02-20,75.85,214.58,137.49
2020-02-21,74.173,210.18,135.81
2020-02-24,70.993,200.72,132.16
2020-02-25,69.316,196.77,126.26
2020-02-26,69.524,197.2,126.64
2020-02-27,65.748,189.75,121.37
2020-02-28,66.963,192.47,116.11
2020-03-02,69.316,196.44,121.52
2020-03-03,66.886,185.89,116.96
2020-03-04,69.08,191.76,119.85
2020-03-05,65.738,185.17,113.97
2020-03-06,64.787,181.09,108.08
2020-03-09,60.79,169.5,93.44
2020-03-10,63.759,178.19,100.7
2020-03-11,60.545,170.24,95.96
2020-03-12,55.578,154.47,88.05
2020-03-13,60.713,170.28,103.91
2020-03-16,53.65,146.01,88.36
2020-03-17,55.903,149.42,93.76
2020-03-18,54.56,146.96,83.89
2020-03-19,55.584,153.13,85.3
2020-03-20,53.411,149.73,83.5
2020-03-23,52.707,148.1,79.03
2020-03-24,56.501,160.98,88.43
2020-03-25,55.081,156.21,91.73
2020-03-26,58.146,163.34,98.12
2020-03-27,55.513,156.79,91.13
2020-03-30,57.316,165.95,93.5
2020-03-31,58.098,166.8,90.03
2020-04-01,55.105,159.6,84.36
2020-04-02,55.852,158.19,87.51
2020-04-03,54.635,154.18,84.05
2020-04-06,59.16,165.55,89.46
2020-04-07,59.128,168.83,90.64
2020-04-08,60.35,174.28,94.3
2020-04-09,60.329,175.19,102.76
2020-04-10,60.329,175.19,102.76
2020-04-13,60.521,174.79,98.19
2020-04-14,63.262,178.17,95.5
2020-04-15,62.865,176.97,90.79
2020-04-16,62.872,176.25,87.33
2020-04-17,63.95,179.24,95.18
2020-04-20,63.058,178.24,91.71
2020-04-21,60.608,170.8,89.05
2020-04-22,62.921,182.28,89.34
2020-04-23,63.559,185.13,89.39
2020-04-24,63.83,190.07,90.71
2020-04-27,63.543,187.5,94.62
2020-04-28,61.629,182.91,95.29
2020-04-29,67.109,194.19,97.86
2020-04-30,67.335,204.71,95.76
2020-05-01,65.866,202.27,93.25
2020-05-04,66.145,205.26,92.14
2020-05-05,67.451,207.07,92
2020-05-06,67.272,208.47,90.27
2020-05-07,68.464,211.26,91.21
2020-05-08,69.217,212.35,92.7
2020-05-11,70.179,213.18,89.97
2020-05-12,68.759,210.1,87.03
2020-05-13,67.417,205.1,84.03
2020-05-14,67.843,206.81,87.52
2020-05-15,68.653,210.88,85.9
2020-05-18,69.259,213.19,90.45
2020-05-19,68.72,216.88,88.67
2020-05-20,70.458,229.97,91.33
2020-05-21,70.338,231.39,90.17
2020-05-22,70.662,234.91,89.47
2020-05-25,70.662,234.91,89.47
2020-05-26,71.069,232.2,95.82
2020-05-27,71.014,229.14,101.37
2020-05-28,70.912,225.46,99.86
2020-05-29,71.676,225.09,97.31
2020-06-01,71.744,231.91,98.6
2020-06-02,72.116,232.72,98.93
2020-06-03,71.963,230.16,104.27
2020-06-04,70.715,226.29,106.44
2020-06-05,72.001,230.77,111.23
2020-06-08,72.402,231.4,113.45
2020-06-09,72.604,238.67,110.54
2020-06-10,73.235,236.73,106.06
2020-06-11,70.095,224.43,97.21
2020-06-12,70.646,228.58,99.87
2020-06-15,71.037,232.5,101.25
2020-06-16,72.324,235.65,102.06
2020-06-17,72.627,235.53,99.48
2020-06-18,71.706,235.94,98.94
2020-06-19,71.232,238.79,97.81
2020-06-22,72.533,239.22,96.75
2020-06-23,73.199,242.24,97.93
2020-06-24,71.635,234.02,94.66
2020-06-25,72.055,235.68,97.96
2020-06-26,68.127,216.08,92.59
2020-06-29,69.859,220.64,93
2020-06-30,70.903,227.07,94.06
2020-07-01,72.1,237.55,93.26
2020-07-02,73.497,233.42,92.66
2020-07-03,73.497,233.42,92.66
2020-07-06,74.983,240.28,95
2020-07-07,74.496,240.86,92.32
2020-07-08,75.18,243.58,93.3
2020-07-09,75.933,244.5,91.28
2020-07-10,76.951,245.07,96.27
2020-07-13,75.612,239,97.65
2020-07-14,76.043,239.73,98.21
2020-07-15,75.844,240.28,99.73
2020-07-16,75.746,240.93,100.01
2020-07-17,75.843,242.03,98.16
2020-07-20,78.192,245.42,97.3
2020-07-21,77.796,241.75,99.41
2020-07-22,78.242,239.87,98.69
2020-07-23,75.838,232.6,98.98
2020-07-24,75.411,230.71,98.28
2020-07-27,76.472,233.5,96.9
2020-07-28,75.183,230.12,97.32
2020-07-29,76.176,233.29,99.68
2020-07-30,76.919,234.5,97.02
2020-07-31,74.398,253.67,96.64
2020-08-03,74.138,251.96,96.1
2020-08-04,73.665,249.83,95.55
2020-08-05,73.955,249.12,97.21
2020-08-06,75.248,265.28,97.24
2020-08-07,74.919,268.44,99.38
2020-08-10,74.841,263,100.64
2020-08-11,74.027,256.13,103.82
2020-08-12,75.362,259.89,102.94
2020-08-13,75.833,261.3,102.37
2020-08-14,75.232,261.24,102.41
2020-08-17,75.812,261.16,99.71
2020-08-18,77.789,262.34,98.32
2020-08-19,77.23,262.59,98.55
2020-08-20,78.813,269.01,97.37
2020-08-21,78.779,267.01,97.32
2020-08-24,79.258,271.39,100.06
2020-08-25,80.292,280.82,100.5
2020-08-26,82.207,303.91,99.09
2020-08-27,81.426,293.22,102.35
2020-08-28,81.972,293.66,102.77
2020-08-31,81.477,293.2,100.19
2020-09-01,82.754,295.44,100.14
2020-09-02,85.87,302.5,101.65
2020-09-03,81.476,291.12,101.33
2020-09-04,79.061,282.73,103.52
2020-09-07,79.061,282.73,103.52
2020-09-08,76.18,271.16,99.92
2020-09-09,77.362,273.72,100.87
2020-09-10,76.303,268.09,99.83
2020-09-11,75.788,266.61,101.07
2020-09-14,75.441,266.15,102.47
2020-09-15,76.756,272.42,99.28
2020-09-16,75.605,263.52,99.7
2020-09-17,74.352,254.82,98.56
2020-09-18,72.554,252.53,98.35
2020-09-21,71.507,248.15,95.31
2020-09-22,72.991,254.75,94.27
2020-09-23,70.47,249.02,92.74
2020-09-24,71.143,249.53,92.66
2020-09-25,71.953,254.82,93.47
2020-09-28,72.933,256.82,96.16
2020-09-29,73.301,261.79,95.35
2020-09-30,73.28,261.9,96.27
2020-10-01,74.395,266.63,96.97
2020-10-02,72.78,259.94,97.89
2020-10-05,74.142,264.65,99.04
2020-10-06,72.551,258.66,98.02
2020-10-07,72.957,258.12,99.73
2020-10-08,74.172,263.76,101.78
2020-10-09,75.523,264.45,101.2
2020-10-12,78.23,275.75,102.44
2020-10-13,78.354,276.14,100.78
2020-10-14,78.172,271.82,100.22
2020-10-15,77.774,266.72,101.72
2020-10-16,78.385,265.93,101.51
2020-10-19,76.498,261.4,99.8
2020-10-20,77.554,267.56,100.37
2020-10-21,79.3,278.73,99.37
2020-10-22,80.333,278.12,102.88
2020-10-23,81.649,284.79,103.81
2020-10-26,79.215,277.11,101.24
2020-10-27,79.944,283.29,99.33
2020-10-28,75.54,267.67,96.54
2020-10-29,77.844,280.83,97.17
2020-10-30,80.806,263.11,98.04
2020-11-02,81.216,261.36,100.25
2020-11-03,82.283,265.3,103.41
2020-11-04,87.292,287.38,100.25
2020-11-05,88.125,294.68,104.35
2020-11-06,87.987,293.41,102.96
2020-11-09,88.071,278.77,116.9
2020-11-10,86.886,272.43,116.52
2020-11-11,87.362,276.48,114.78
2020-11-12,87.141,275.08,113.37
2020-11-13,88.613,276.95,114.08
2020-11-16,88.702,278.96,117.3
2020-11-17,88.083,275,116.11
2020-11-18,87.032,271.97,115.25
2020-11-19,87.929,272.94,115.56
2020-11-20,86.819,269.7,114.57
2020-11-23,86.378,268.43,117.87
2020-11-24,88.195,276.92,123.32
2020-11-25,88.207,275.59,122.03
2020-11-26,88.207,275.59,122.03
2020-11-27,89.351,277.81,121.22
2020-11-30,87.72,276.97,117.88
2020-12-01,89.768,286.55,119.74
2020-12-02,91.249,287.52,122.04
2020-12-03,91.092,281.85,121.24
2020-12-04,91.188,279.7,122.34
2020-12-07,90.852,285.58,121.88
2020-12-08,90.566,283.4,122
2020-12-09,88.893,277.92,121.05
2020-12-10,88.383,277.12,120.27
2020-12-11,88.74,273.55,119.56
2020-12-14,87.613,274.19,118.3
2020-12-15,88.054,275.55,120.32
2020-12-16,87.86,275.67,120.67
2020-12-17,87.026,274.48,119.67
2020-12-18,86.311,276.4,119.08
2020-12-21,86.728,272.79,123.55
2020-12-22,86.011,267.09,121.67
2020-12-23,86.412,268.11,125.07
2020-12-24,86.708,267.4,124.52
2020-12-25,86.708,267.4,124.52
2020-12-28,88.698,277,125.34
2020-12-29,87.888,276.78,125.01
2020-12-30,86.813,271.87,125.36
2020-12-31,87.632,273.16,127.07
2021-01-01,87.632,273.16,127.07
2021-01-04,86.307,268.94,125.87
2021-01-05,87.003,270.97,125.65
2021-01-06,86.144,263.31,131.55
2021-01-07,88.717,268.74,135.87
2021-01-08,89.892,267.57,136.02
2021-01-11,87.815,256.84,138.05
2021-01-12,86.872,251.09,140.22
2021-01-13,87.363,251.64,140.35
2021-01-14,86.546,245.64,141.17
2021-01-15,86.381,251.36,138.64
2021-01-18,86.381,251.36,138.64
2021-01-19,89.224,261.1,138.04
2021-01-20,94.004,267.48,135.97
2021-01-21,94.208,272.87,134.83
2021-01-22,94.628,274.5,133.79
2021-01-25,94.714,278.01,132.12
2021-01-26,95.398,282.05,131.58
2021-01-27,90.947,272.14,127.86
2021-01-28,92.66,265,130.11
2021-01-29,91.368,258.33,128.67
2021-02-01,94.654,262.01,129.62
2021-02-02,95.956,267.08,133.61
2021-02-03,102.944,266.65,135.14
2021-02-04,102.682,266.49,138.25
2021-02-05,104.441,268.1,137.98
2021-02-08,104.226,266.58,140.14
2021-02-09,103.77,269.45,139.58
2021-02-10,104.324,271.87,139.66
2021-02-11,104.438,270.39,139.27
2021-02-12,104.752,270.5,141.25
2021-02-15,104.752,270.5,141.25
2021-02-16,105.535,273.97,144.65
2021-02-17,105.931,273.57,145.1
2021-02-18,105.291,269.39,145.59
2021-02-19,104.441,261.56,148.02
2021-02-22,102.713,260.33,149.41
2021-02-23,103.006,265.855,150.61
2021-02-24,104.191,264.31,153.26
2021-02-25,100.798,254.69,151.18
2021-02-26,101.096,257.62,147.17
2021-03-01,103.483,264.91,150.5
2021-03-02,103.224,259,150.01
2021-03-03,100.571,255.41,152.91
2021-03-04,101.697,257.64,150.56
2021-03-05,104.854,264.28,150.91
2021-03-08,100.375,255.31,152.91
2021-03-09,102.018,265.74,151.83
2021-03-10,101.81,264.9,155.13
2021-03-11,105.027,273.88,154.32
2021-03-12,102.5,268.4,156.15
2021-03-15,102.722,273.75,155.37
2021-03-16,104.194,279.28,153.51
2021-03-17,104.111,284.01,155.09
2021-03-18,101.067,278.62,157.65
2021-03-19,101.348,290.11,155.14
2021-03-22,101.535,293.54,150.97
2021-03-23,102.066,290.63,149.46
2021-03-24,101.627,282.14,150.62
2021-03-25,101.623,278.74,152.55
2021-03-26,101.237,283.02,155.09
2021-03-29,102.29,290.82,152.68
2021-03-30,102.324,288,154.48
2021-03-31,103.126,294.53,152.23
2021-04-01,106.489,298.66,153.71
2021-04-02,106.489,298.66,153.71
2021-04-05,110.948,308.91,153.62
2021-04-06,110.463,306.26,152.54
2021-04-07,111.952,313.09,154.93
2021-04-08,112.521,313.02,155.12
2021-04-09,113.534,312.46,156.28
2021-04-12,112.231,311.54,155.95
2021-04-13,112.721,309.76,154.09
2021-04-14,112.095,302.82,151.21
2021-04-15,114.263,307.82,152.17
2021-04-16,114.138,306.18,153.3
2021-04-19,114.488,302.24,152.65
2021-04-20,113.951,302.65,149.27
2021-04-21,113.917,301.47,150.54
2021-04-22,112.626,296.52,147.37
2021-04-23,114.997,301.13,150.19
2021-04-26,115.497,303.04,150.56
2021-04-27,114.549,303.57,151.25
2021-04-28,117.952,307.1,152.23
2021-04-29,119.638,329.51,155.19
2021-04-30,117.675,325.08,153.81
2021-05-03,117.154,322.58,153.36
2021-05-04,115.342,318.36,155.48
2021-05-05,115.739,315.02,157.52
2021-05-06,116.867,320.02,160.69
2021-05-07,117.596,319.08,161.24
2021-05-10,114.588,305.97,161.22
2021-05-11,113.503,306.53,158.54
2021-05-12,110.013,302.55,157.45
2021-05-13,111.452,305.26,161.5
2021-05-14,113.919,315.94,164.01
2021-05-17,114.446,315.46,164.67
2021-05-18,113.124,309.96,162.35
2021-05-19,113.575,313.59,161.11
2021-05-20,115.348,318.61,160.83
2021-05-21,114.707,316.23,162.66
2021-05-24,118.052,324.63,163.54
2021-05-25,118.143,327.79,161.85
2021-05-26,119.016,327.66,161.83
2021-05-27,118.134,332.75,164.35
2021-05-28,117.843,328.73,164.24
2021-05-31,117.843,328.73,164.24
2021-06-01,119.059,329.13,166.05
2021-06-02,118.53,329.15,166.06
2021-06-03,117.379,326.04,166.17
2021-06-04,119.679,330.35,166.44
2021-06-07,120.115,336.58,165.66
2021-06-08,119.922,333.68,165
2021-06-09,120.397,330.25,162.94
2021-06-10,121.757,332.46,160.4
2021-06-11,121.51,331.26,160.29
2021-06-14,122.446,336.77,157.57
2021-06-15,121.42,336.75,155.18
2021-06-16,120.773,331.08,156.27
2021-06-17,121.744,336.51,151.76
2021-06-18,120.111,329.66,147.92
2021-06-21,121.813,332.29,150.43
2021-06-22,122.331,339.03,150.21
2021-06-23,122.127,340.59,151.12
2021-06-24,122.5,343.18,152.51
2021-06-25,122.509,341.37,154.05
2021-06-28,122.536,355.64,154.33
2021-06-29,122.273,351.89,154.14
2021-06-30,122.09,347.71,155.54
2021-07-01,122.444,354.39,157.08
2021-07-02,125.258,354.7,156.03
2021-07-05,125.258,354.7,156.03
2021-07-06,126.19,352.78,153.41
2021-07-07,126.474,350.49,153.59
2021-07-08,125.044,345.65,150.94
2021-07-09,125.518,350.42,155.77
2021-07-12,126.976,353.16,158
2021-07-13,127.342,352.09,155.65
2021-07-14,128.237,347.63,155.12
2021-07-15,127.005,344.46,155.46
2021-07-16,126.97,341.16,151.91
2021-07-19,124.578,336.95,146.97
2021-07-20,126.21,341.66,149.71
2021-07-21,127.549,346.23,152.86
2021-07-22,128.421,351.19,150.93
2021-07-23,133.015,369.79,150.64
2021-07-26,134.035,372.46,151.65
2021-07-27,131.9,367.81,151.45
2021-07-28,136.094,373.28,151.7
2021-07-29,135.778,358.32,153
2021-07-30,134.727,356.3,151.78
2021-08-02,134.855,351.95,151.17
2021-08-03,135.63,351.24,152.89
2021-08-04,135.126,358.92,151.24
2021-08-05,136.252,362.97,153.15
2021-08-06,135.739,363.51,157.5
2021-08-09,136.913,361.61,157.33
2021-08-10,136.807,361.13,159.26
2021-08-11,136.279,359.96,161.16
2021-08-12,137.194,362.65,161.79
2021-08-13,137.728,363.18,159.98
2021-08-16,138.31,366.56,158.93
2021-08-17,136.662,358.45,157.01
2021-08-18,135.449,355.45,155.58
2021-08-19,135.68,355.12,154.28
2021-08-20,137.43,359.37,154.72
2021-08-23,140.041,363.35,156.7
2021-08-24,141.262,365.51,157.67
2021-08-25,142.079,368.39,160.92
2021-08-26,141.441,364.38,161.75
2021-08-27,144.004,372.63,163.05
2021-08-30,144.591,380.66,160.44
2021-08-31,144.698,379.38,159.95
2021-09-01,145.216,382.05,159.72
2021-09-02,143.287,375.28,160.46
2021-09-03,143.74,376.26,159.49
2021-09-06,143.74,376.26,159.49
2021-09-07,144.281,382.18,159.21
2021-09-08,143.691,377.57,158.5
2021-09-09,143.541,378,159.19
2021-09-10,140.876,378.69,157.36
2021-09-13,142.333,376.51,159.86
2021-09-14,142.545,376.53,157.07
2021-09-15,144.43,373.92,158.16
2021-09-16,143.61,373.06,158.09
2021-09-17,140.8,364.72,157.68
2021-09-20,138.719,355.7,152.96
2021-09-21,139.033,357.48,152.98
2021-09-22,140.284,343.21,155.91
2021-09-23,141.216,345.96,161.18
2021-09-24,142.215,352.96,163.04
2021-09-27,141.072,353.58,166.98
2021-09-28,135.83,340.65,166.08
2021-09-29,134.354,339.61,165.95
2021-09-30,133.676,339.39,163.69
2021-10-01,136.543,343.01,167.13
2021-10-04,133.66,326.23,166.95
2021-10-05,136.023,332.96,168.66
2021-10-06,137.565,333.64,169.02
2021-10-07,139.225,329.22,170.09
2021-10-08,139.786,330.05,170.22
2021-10-11,138.914,325.45,166.64
2021-10-12,136.449,323.77,165.36
2021-10-13,137.582,324.54,161
2021-10-14,141.151,328.53,163.47
2021-10-15,141.368,324.76,166.61
2021-10-18,142.778,335.34,166.55
2021-10-19,143.237,339.99,168.57
2021-10-20,141.769,340.78,170.84
2021-10-21,141.886,341.88,169.5
2021-10-22,137.567,324.61,171.78
2021-10-25,137.447,328.69,170.94
2021-10-26,139.309,315.81,171.4
2021-10-27,146.218,312.22,167.83
2021-10-28,145.849,316.92,170.36
2021-10-29,148.046,323.57,169.89
2021-11-01,143.497,329.98,169.8
2021-11-02,145.433,328.08,170.47
2021-11-03,146.598,331.62,170.53
2021-11-04,148.267,335.85,168.29
2021-11-05,148.852,341.13,168.05
2021-11-08,149.031,338.62,169.06
2021-11-09,148.919,335.37,167.78
2021-11-10,145.894,327.64,167.62
2021-11-11,145.767,327.74,167.61
2021-11-12,148.678,340.89,166.86
2021-11-15,148.452,347.56,166.56
2021-11-16,147.876,342.96,165.36
2021-11-17,148.047,340.77,164.47
2021-11-18,149.839,338.69,163.05
2021-11-19,148.927,345.3,160.92
2021-11-22,146.302,341.01,164.35
2021-11-23,145.782,337.25,168.28
2021-11-24,146.12,341.06,166.96
2021-11-25,146.12,341.06,166.96
2021-11-26,142.183,333.12,161.93
2021-11-29,145.531,338.03,161.23
2021-11-30,141.897,324.46,158.83
2021-12-01,141.052,310.6,157.89
2021-12-02,142.966,310.39,161.21
2021-12-03,142.002,306.84,158.29
2021-12-06,143.155,317.87,160.16
2021-12-07,147.27,322.81,162.57
2021-12-08,148.187,330.56,160.71
2021-12-09,147.639,329.82,160.46
2021-12-10,148.002,329.75,159.82
2021-12-13,145.827,334.49,157.92
2021-12-14,143.907,333.74,159.13
2021-12-15,146.441,341.66,157.94
2021-12-16,144.445,334.9,160.41
2021-12-17,141.725,333.79,156.76
2021-12-20,141.607,325.45,153.94
2021-12-21,143.473,334.2,156.09
2021-12-22,146.415,330.45,156.7
2021-12-23,146.916,335.24,157.26
2021-12-24,146.916,335.24,157.26
2021-12-27,147.907,346.18,158.16
2021-12-28,146.687,346.22,158.64
2021-12-29,146.655,342.94,158.56
2021-12-30,146.201,344.36,158.48
2021-12-31,144.852,336.35,158.35
2022-01-03,144.992,338.54,161.7
2022-01-04,144.4,336.53,167.83
2022-01-05,137.775,324.17,163.78
2022-01-06,137.748,332.46,165.52
2022-01-07,137.017,331.79,167.16
2022-01-10,138.67,328.07,167.32
2022-01-11,139.736,334.37,167.49
2022-01-12,141.431,333.26,168.44
2022-01-13,138.587,326.48,168.23
2022-01-14,139.481,331.9,157.89
2022-01-17,139.481,331.9,157.89
2022-01-18,135.998,318.15,151.27
2022-01-19,135.117,319.59,148.93
2022-01-20,133.308,316.56,147.66
2022-01-21,130.352,303.17,145.08
2022-01-24,130.804,308.71,144.95
2022-01-25,126.935,300.15,146.53
2022-01-26,129.233,294.63,147.92
2022-01-27,129.005,294.64,145.31
2022-01-28,133.351,301.71,146.61
2022-01-31,135.304,313.26,148.6
2022-02-01,137.644,319,151.15
2022-02-02,148,323,149.94
2022-02-03,143.09,237.76,148.7
2022-02-04,143.293,237.09,152.56
2022-02-07,139.201,224.91,153.07
2022-02-08,139.399,220.18,155.95
2022-02-09,141.592,232,156.6
2022-02-10,138.62,228.07,155.95
2022-02-11,134.283,219.55,153.92
2022-02-14,135.526,217.7,152.49
2022-02-15,136.609,221,154.72
2022-02-16,137.738,216.54,155
2022-02-17,132.539,207.71,151.43
2022-02-18,130.403,206.16,152.14
2022-02-21,130.403,206.16,152.14
2022-02-22,129.814,202.08,151.87
2022-02-23,127.588,198.45,148.69
2022-02-24,132.691,207.6,144.55
2022-02-25,134.46,210.48,147.97
2022-02-28,135.057,211.03,141.8
2022-03-01,134.062,203.49,136.45
2022-03-02,134.572,208.11,139.28
2022-03-03,133.9,202.97,138.29
2022-03-04,131.907,200.06,134.4
2022-03-07,126.379,187.47,129.21
2022-03-08,127.105,190.29,128.3
2022-03-09,133.42,198.5,133.44
2022-03-10,132.43,195.21,131.86
2022-03-11,129.871,187.61,128.89
2022-03-14,125.951,186.63,130.17
2022-03-15,129.198,192.03,132.48
2022-03-16,133.281,203.63,138.4
2022-03-17,133.839,207.84,140.15
2022-03-18,136.126,216.49,140.1
2022-03-21,136.102,211.49,139.65
2022-03-22,139.868,216.65,142.62
2022-03-23,138.276,213.46,139.78
2022-03-24,141.572,219.57,140.69
2022-03-25,141.673,221.82,141.92
2022-03-28,141.456,223.59,140.87
2022-03-29,142.506,229.86,141.18
2022-03-30,141.939,227.85,140.54
2022-03-31,139.068,222.36,136.32
2022-04-01,140.151,224.85,135.31
2022-04-04,142.972,233.89,135.91
2022-04-05,140.591,231.84,133.34
2022-04-06,136.548,223.3,131.49
2022-04-07,135.889,222.95,131.09
2022-04-08,133.288,222.33,133.49
2022-04-11,128.824,216.46,133
2022-04-12,127.715,214.14,131.54
2022-04-13,129.894,214.99,127.3
2022-04-14,126.73,210.18,126.12
2022-04-15,126.73,210.18,126.12
2022-04-18,127.677,210.77,128.46
2022-04-19,130.009,217.31,131.12
2022-04-20,128.04,200.42,131.58
2022-04-21,124.815,188.07,130.56
2022-04-22,119.636,184.11,126.81
2022-04-25,123.074,186.99,126.77
2022-04-26,118.65,180.95,123.02
2022-04-27,114.295,174.95,121.42
2022-04-28,118.523,205.73,123.34
2022-04-29,114.11,200.47,119.36
2022-05-02,116.583,211.13,120.45
2022-05-03,117.334,212.03,123.03
2022-05-04,122.261,223.41,127.1
2022-05-05,116.506,208.28,123.92
2022-05-06,115.747,203.77,123.72
2022-05-09,112.511,196.21,121.86
2022-05-10,114.395,197.65,118.89
2022-05-11,113.603,188.74,118.14
2022-05-12,112.844,191.24,118.04
2022-05-13,116.051,198.62,119.09
2022-05-16,114.445,200.04,118.26
2022-05-17,116.473,202.62,122.18
2022-05-18,111.899,192.24,120.09
2022-05-19,110.384,191.29,118.31
2022-05-20,108.908,193.54,117.34
2022-05-23,111.488,196.23,124.6
2022-05-24,105.97,181.28,126.36
2022-05-25,105.805,183.83,127.24
2022-05-26,107.792,191.63,129.44
2022-05-27,112.316,195.13,131.27
2022-05-30,112.316,195.13,131.27
2022-05-31,113.762,193.64,132.23
2022-06-01,113.892,188.64,129.91
2022-06-02,117.622,198.86,132
2022-06-03,114.541,190.78,130.16
2022-06-06,116.821,194.25,129.73
2022-06-07,117.149,195.65,130.07
2022-06-08,117.194,196.64,128
2022-06-09,114.836,184,125.31
2022-06-10,111.162,175.57,119.55
2022-06-13,106.393,164.26,115.99
2022-06-14,106.715,163.73,114.06
2022-06-15,109.765,169.35,115.41
2022-06-16,106.034,160.87,113.43
2022-06-17,107.143,163.74,113.03
2022-06-20,107.143,163.74,113.03
2022-06-21,111.544,157.05,115.83
2022-06-22,111.488,155.85,115.18
2022-06-23,112.242,158.75,113.92
2022-06-24,117.975,170.16,117.32
2022-06-27,115.834,169.49,116.38
2022-06-28,112.008,160.68,115.82
2022-06-29,111.702,163.94,115.3
2022-06-30,108.963,161.25,112.61
2022-07-01,108.738,160.03,114.05
2022-07-04,108.738,160.03,114.05
2022-07-05,113.263,168.19,112.62
2022-07-06,114.572,169.77,111.89
2022-07-07,118.783,172.19,114.72
2022-07-08,119.354,170.88,114.36
2022-07-11,115.677,162.88,112.86
2022-07-12,114.021,163.27,112.97
2022-07-13,111.354,163.49,111.91
2022-07-14,110.367,158.05,108
2022-07-15,111.778,164.7,112.95
2022-07-18,109.03,167.23,111.79
2022-07-19,113.81,175.78,114.56
2022-07-20,113.9,183.09,114.54
2022-07-21,114.34,183.17,115.32
2022-07-22,107.9,169.27,114.76
2022-07-25,107.51,166.65,115.22
2022-07-26,105.02,159.15,113.42
2022-07-27,113.06,169.58,115.24
2022-07-28,114.22,160.72,114.81
2022-07-29,116.32,159.1,115.36
2022-08-01,114.86,159.93,114.21
2022-08-02,115.13,160.19,112.43
2022-08-03,118.08,168.8,113.61
2022-08-04,118.19,170.57,112.36
2022-08-05,117.47,167.11,115.76
2022-08-08,117.3,170.25,114.35
2022-08-09,116.63,168.53,115.38
2022-08-10,119.7,178.34,118.39
2022-08-11,118.84,177.49,120.14
2022-08-12,121.68,180.5,122.13
2022-08-15,122.08,180.89,122.46
2022-08-16,121.7,179.47,123.63
2022-08-17,119.55,174.85,122.59
2022-08-18,120.17,174.66,121.64
2022-08-19,117.21,167.96,118.63
2022-08-22,114.24,163.05,116.67
2022-08-23,113.86,161.11,115.52
2022-08-24,113.69,163.26,115.8
2022-08-25,116.65,168.78,118.55
2022-08-26,110.34,161.78,114.67
2022-08-29,109.42,159.17,114.39
2022-08-30,108.94,157.16,114.41
2022-08-31,108.22,162.93,113.73
2022-09-01,109.74,165.36,114.51
2022-09-02,107.85,160.32,113.71
2022-09-05,107.85,160.32,113.71
2022-09-06,106.81,158.54,113.74
2022-09-07,109.45,160.39,115.9
2022-09-08,108.38,162.06,118.6
2022-09-09,110.65,169.15,119.17
2022-09-12,110.86,168.96,120.58
2022-09-13,104.32,153.13,116.39
2022-09-14,105,151.47,116.12
2022-09-15,102.91,149.55,117.87
2022-09-16,102.8,146.29,117.08
2022-09-19,103.07,148.02,118.16
2022-09-20,101.14,146.09,115.83
2022-09-21,99.28,142.12,112.49
2022-09-22,100.14,142.82,111.21
2022-09-23,98.74,140.41,109.14
2022-09-26,98.17,136.37,106.79
2022-09-27,97.5,134.4,105.85
2022-09-28,100.05,141.61,107.99
2022-09-29,97.42,136.41,106.16
2022-09-30,95.65,135.68,104.5
2022-10-03,98.64,138.61,107.73
2022-10-04,101.64,140.28,112.77
2022-10-05,101.43,138.98,110.39
2022-10-06,101.42,139.07,108.14
2022-10-07,98.68,133.45,105.98
2022-10-10,97.86,133.79,104.99
2022-10-11,97.18,128.54,101.96
2022-10-12,97.56,127.5,103.61
2022-10-13,99.06,130.29,109.37
2022-10-14,96.56,126.76,111.19
2022-10-17,99.97,134.04,115.86
2022-10-18,100.77,132.8,118.84
2022-10-19,99.63,133.23,116.51
2022-10-20,99.97,131.53,116.13
2022-10-21,101.13,130.01,122.23
2022-10-24,102.52,129.72,122.38
2022-10-25,104.48,137.51,122.7
2022-10-26,94.93,129.82,124.11
2022-10-27,92.22,97.94,124.6
2022-10-28,96.29,99.2,126.08
2022-10-31,94.51,93.16,125.88
2022-11-01,90.47,95.2,128.15
2022-11-02,86.97,90.54,126.97
2022-11-03,83.43,88.91,127.2
2022-11-04,86.58,90.79,130.68
2022-11-07,88.49,96.72,131.37
2022-11-08,88.9,96.47,131.45
2022-11-09,87.32,101.47,129.74
2022-11-10,93.94,111.87,135.08
2022-11-11,96.41,113.02,135.3
2022-11-14,95.7,114.22,133.91
2022-11-15,98.44,117.08,132.94
2022-11-16,98.85,113.23,133.12
2022-11-17,98.36,111.45,132.54
2022-11-18,97.43,112.05,133.84
2022-11-21,95.6,109.86,133.05
2022-11-22,97.05,111.44,135.04
2022-11-23,98.46,112.24,136.48
2022-11-24,98.46,112.24,136.48
2022-11-25,97.46,111.41,136.74
2022-11-28,96.05,108.78,134.35
2022-11-29,95.19,109.46,136.56
2022-11-30,100.99,118.1,138.18
2022-12-01,100.99,120.44,136.24
2022-12-02,100.44,123.49,135.16
2022-12-05,99.48,122.43,131.37
2022-12-06,96.98,114.12,131.59
2022-12-07,94.94,113.93,131.5
2022-12-08,93.71,115.33,132.88
2022-12-09,92.83,115.9,132.16
2022-12-12,93.31,114.71,134.21
2022-12-13,95.63,120.15,134.08
2022-12-14,95.07,121.59,133.41
2022-12-15,90.86,116.15,130.1
2022-12-16,90.26,119.43,129.29
2022-12-19,88.44,114.48,130.06
2022-12-20,89.02,117.09,130.69
2022-12-21,89.58,119.76,132.16
2022-12-22,87.76,117.12,130.66
2022-12-23,89.23,118.04,131.28
2022-12-26,89.23,118.04,131.28
2022-12-27,87.39,116.88,131.74
2022-12-28,86.02,115.62,132.46
2022-12-29,88.45,120.26,133.22
2022-12-30,88.23,120.34,134.1
2023-01-02,88.23,120.34,134.1
2023-01-03,89.12,124.74,135.12
2023-01-04,88.08,127.37,136.38
2023-01-05,86.2,126.94,135.35
2023-01-06,87.34,130.02,137.94
2023-01-09,88.02,129.47,137.37
2023-01-10,88.42,132.99,138.6
2023-01-11,91.52,132.89,139.63
2023-01-12,91.13,136.71,139.49
2023-01-13,92.12,136.98,143.01
2023-01-16,92.12,136.98,143.01
2023-01-17,91.29,135.36,140.8
2023-01-18,91.12,133.02,136.57
2023-01-19,93.05,136.15,134.75
2023-01-20,98.02,139.37,135.08
2023-01-23,99.79,143.27,137.27
2023-01-24,97.7,143.14,138.45
2023-01-25,95.22,141.5,139.12
2023-01-26,97.52,147.3,139.98
2023-01-27,99.37,151.74,140.32
2023-01-30,96.94,147.06,139.13
2023-01-31,98.84,148.97,139.96
2023-02-01,100.43,153.12,139.59
2023-02-02,107.74,188.77,138.94
2023-02-03,104.78,186.53,141.09
2023-02-06,102.9,186.06,141.92
2023-02-07,107.64,191.62,143.65
2023-02-08,99.37,183.43,142.64
2023-02-09,95.01,177.92,140.42
2023-02-10,94.57,174.15,141.04
2023-02-13,94.61,179.43,142.57
2023-02-14,94.68,179.48,143.2
2023-02-15,96.94,177.16,143.8
2023-02-16,95.51,172.44,141.82
2023-02-17,94.35,172.88,142.24
2023-02-20,94.35,172.88,142.24
2023-02-21,91.79,172.08,139.63
2023-02-22,91.65,171.12,138.56
2023-02-23,90.89,172.04,139.67
2023-02-24,89.13,170.39,140.93
2023-02-27,89.87,169.54,142.16
2023-02-28,90.06,174.94,143.35
2023-03-01,90.36,173.42,142.55
2023-03-02,92,174.53,141.07
2023-03-03,93.65,185.25,143.66
2023-03-06,95.13,184.9,142.82
2023-03-07,93.86,184.51,138.62
2023-03-08,94.25,184.97,137.8
2023-03-09,92.32,181.69,130.34
2023-03-10,90.63,179.51,133.65
2023-03-13,91.11,180.9,131.25
2023-03-14,93.97,194.02,134.62
2023-03-15,96.11,197.75,128.26
2023-03-16,100.32,204.93,130.75
2023-03-17,101.62,195.61,125.81
2023-03-20,101.22,197.81,127.14
2023-03-21,104.92,202.16,130.55
2023-03-22,103.37,199.81,127.18
2023-03-23,105.6,204.28,126.84
2023-03-24,105.44,206.01,124.91
2023-03-27,102.46,202.84,128.49
2023-03-28,101.03,200.68,128.88
2023-03-29,101.39,205.35,129.14
2023-03-30,100.89,207.84,128.75
2023-03-31,103.73,211.94,130.31
2023-04-03,104.36,213.07,130.16
2023-04-04,104.72,214.72,128.42
2023-04-05,104.47,211.48,127.61
2023-04-06,108.42,216.1,127.47
2023-04-07,108.42,216.1,127.47
2023-04-10,106.44,214.75,127.89
2023-04-11,105.35,213.85,128.52
2023-04-12,104.64,214,128.5
2023-04-13,107.43,220.35,128.99
2023-04-14,108.87,221.49,138.73
2023-04-17,105.97,218.86,139.83
2023-04-18,104.5,217.89,141.4
2023-04-19,104.18,215.7,141.22
2023-04-20,105.29,213.07,140.81
2023-04-21,105.41,212.89,140.54
2023-04-24,105.97,212.79,140.73
2023-04-25,103.85,207.55,137.67
2023-04-26,103.71,209.4,135.23
2023-04-27,107.59,238.56,137.05
2023-04-28,107.34,240.32,138.24
2023-05-01,107.2,243.18,141.2
2023-05-02,105.32,239.24,138.92
2023-05-03,105.41,237.03,135.98
2023-05-04,104.69,233.52,134.12
2023-05-05,105.57,232.78,136.74
2023-05-08,107.77,233.27,137.07
2023-05-09,107.35,233.37,136.41
2023-05-10,111.75,233.08,136.48
2023-05-11,116.57,235.79,136.05
2023-05-12,117.51,233.81,134.1
2023-05-15,116.51,238.86,135.23
2023-05-16,119.51,238.82,134.32
2023-05-17,120.84,242.485,138.45
2023-05-18,122.83,246.85,139.5
2023-05-19,122.76,245.64,139.18
2023-05-22,125.05,248.32,138.03
2023-05-23,122.56,246.74,136.59
2023-05-24,120.9,249.21,135.34
2023-05-25,123.48,252.69,135.67
2023-05-26,124.61,262.04,136.94
2023-05-29,124.61,262.04,136.94
2023-05-30,123.67,262.52,137.46
2023-05-31,122.87,264.72,135.71
2023-06-01,123.72,272.61,137.58
2023-06-02,124.67,272.61,140.47
2023-06-05,126.01,271.39,139.09
2023-06-06,127.31,271.12,139.34
2023-06-07,122.5,263.6,140.69
2023-06-08,122.14,264.58,140.73
2023-06-09,122.23,264.95,141.01
2023-06-12,123.64,271.05,141
2023-06-13,123.83,271.32,142.02
2023-06-14,123.67,273.35,141.49
2023-06-15,125.09,281.83,143.09
2023-06-16,123.53,281,143.26
2023-06-19,123.53,281,143.26
2023-06-20,123.1,284.33,142.53
2023-06-21,120.55,281.64,142.32
2023-06-22,123.15,284.88,139.58
2023-06-23,122.34,288.73,138.85
2023-06-26,118.34,278.47,139.19
2023-06-27,118.33,287.05,139.2
2023-06-28,120.18,285.29,138.59
2023-06-29,119.1,281.53,143.43
2023-06-30,119.7,286.98,145.44
2023-07-03,119.9,286.02,146.61
2023-07-04,119.9,286.02,146.61
2023-07-05,121.75,294.37,144.64
2023-07-06,120.11,291.99,143.21
2023-07-07,119.48,290.53,144.34
2023-07-10,116.45,294.1,145.15
2023-07-11,117.14,298.29,147.42
2023-07-12,118.93,309.34,148.15
2023-07-13,124.54,313.41,148.87
2023-07-14,125.42,308.87,149.77
2023-07-17,124.65,310.62,153.38
2023-07-18,123.76,312.05,153.66
2023-07-19,122.03,316.01,154.25
2023-07-20,119.2,302.52,156.15
2023-07-21,120.02,294.26,154.95
2023-07-24,121.53,291.61,158
2023-07-25,122.21,294.47,156.82
2023-07-26,129.27,298.57,157.76
2023-07-27,129.4,311.71,156.02
2023-07-28,132.58,325.48,156.91
2023-07-31,132.72,318.6,157.96
2023-08-01,131.55,322.71,157.18
2023-08-02,128.38,314.31,155.4
2023-08-03,128.45,313.19,156.35
2023-08-04,128.11,310.73,156.02
2023-08-07,131.53,316.56,156.76
2023-08-08,131.4,312.64,155.88
2023-08-09,129.66,305.21,153.79
2023-08-10,129.69,305.74,153.56
2023-08-11,129.56,301.64,154.45
2023-08-14,131.33,306.19,154.77
2023-08-15,129.78,301.95,150.83
2023-08-16,128.7,294.29,150.19
2023-08-17,129.92,285.09,148.63
2023-08-18,127.46,283.25,148.97
2023-08-21,128.37,289.9,149.48
2023-08-22,129.08,287.6,146.38
2023-08-23,132.37,294.24,147.37
2023-08-24,129.78,286.75,147.23
2023-08-25,129.88,285.5,147.05
2023-08-28,131.01,290.26,147.56
2023-08-29,134.57,297.99,148.76
2023-08-30,135.88,295.1,148.16
2023-08-31,136.17,295.89,146.33
2023-09-01,135.66,296.38,146.82
2023-09-04,135.66,296.38,146.82
2023-09-05,135.77,300.15,145.2
2023-09-06,134.46,299.17,144.96
2023-09-07,135.26,298.67,143.72
2023-09-08,136.38,297.89,143.83
2023-09-11,136.92,307.56,144.46
2023-09-12,135.34,301.66,146.34
2023-09-13,136.71,305.06,146.41
2023-09-14,138.1,311.72,149.25
2023-09-15,137.4,300.31,148.81
2023-09-18,138.21,302.55,149.12
2023-09-19,138.04,305.07,148.93
2023-09-20,133.74,299.67,148.3
2023-09-21,130.44,295.73,147.14
2023-09-22,130.25,299.08,145.73
2023-09-25,131.11,300.83,146.45
2023-09-26,128.565,298.96,144.93
2023-09-27,130.54,297.74,145.78
2023-09-28,132.31,303.96,147.59
2023-09-29,130.86,300.21,145.02
2023-10-02,134.17,306.82,143.77
2023-10-03,132.43,300.94,142.71
2023-10-04,135.24,305.58,143.35
2023-10-05,135.07,304.79,142.9
2023-10-06,137.58,315.43,145.1
2023-10-09,138.42,318.36,144.77
2023-10-10,138.06,321.84,145.65
2023-10-11,140.55,327.82,146.15
2023-10-12,138.97,324.16,145.81
2023-10-13,137.36,314.69,148
2023-10-16,139.095,321.15,147.85
2023-10-17,139.72,324,147.53
2023-10-18,137.96,316.97,145.91
2023-10-19,137.75,312.81,145.29
2023-10-20,135.6,308.65,142.95
2023-10-23,136.5,314.01,141
2023-10-24,138.81,312.55,141.17
2023-10-25,125.61,299.53,140.4
2023-10-26,122.28,288.35,140.76
2023-10-27,122.17,296.73,135.69
2023-10-30,124.46,302.66,137.42
2023-10-31,124.08,301.27,139.06
2023-11-01,126.45,311.85,138.94
2023-11-02,127.49,310.87,141.42
2023-11-03,129.1,314.6,143
2023-11-06,130.25,315.8,144.08
2023-11-07,130.97,318.82,144.01
2023-11-08,131.84,319.78,144.72
2023-11-09,130.24,320.55,144.29
2023-11-10,132.59,328.77,146.43
2023-11-13,132.09,329.19,145.78
2023-11-14,133.62,336.31,148.44
2023-11-15,134.62,332.71,149.74
2023-11-16,136.93,334.19,151.45
2023-11-17,135.31,335.04,152.82
2023-11-20,136.25,339.97,153.29
2023-11-21,136.97,336.98,152.97
2023-11-22,138.49,341.49,153.33
2023-11-23,138.49,341.49,153.33
2023-11-24,136.69,338.23,153.54
2023-11-27,136.41,334.7,153.19
2023-11-28,137.2,338.99,153.54
2023-11-29,134.99,332.2,154.32
2023-11-30,132.53,327.15,156.08
2023-12-01,131.86,324.82,156.84
2023-12-04,129.27,320.02,157.99
2023-12-05,130.99,318.29,157.97
2023-12-06,130.02,317.45,156.31
2023-12-07,136.93,326.59,156.79
2023-12-08,134.99,332.75,158.52
2023-12-11,133.29,325.28,159.1
2023-12-12,132.52,334.22,160.52
2023-12-13,132.57,334.74,161.06
2023-12-14,131.94,333.17,163.99
2023-12-15,132.6,334.92,165.23
2023-12-18,135.8,344.62,166.23
2023-12-19,136.65,350.36,168.45
2023-12-20,138.34,349.28,166.55
2023-12-21,140.42,354.09,167.5
2023-12-22,141.49,353.39,167.4
2023-12-25,141.49,353.39,167.4
2023-12-26,141.52,354.83,168.39
2023-12-27,140.37,357.83,169.4
2023-12-28,140.23,358.32,170.3
2023-12-29,139.69,353.96,170.1
2024-01-01,139.69,353.96,170.1
2024-01-02,138.17,346.29,172.08
2024-01-03,138.92,344.47,171.33
2024-01-04,136.39,347.12,171.41
2024-01-05,135.73,351.95,172.27
2024-01-08,138.84,358.66,172.02
2024-01-09,140.95,357.43,170.66
2024-01-10,142.28,370.47,171.02
2024-01-11,142.08,369.67,170.3
2024-01-12,142.65,374.49,169.05
2024-01-15,142.65,374.49,169.05
2024-01-16,142.49,367.46,167.99
2024-01-17,141.47,368.37,167.09
2024-01-18,143.48,376.13,167.42
2024-01-19,146.38,383.45,170.31
2024-01-22,145.99,381.78,170.11
2024-01-23,147.04,385.2,168.99
2024-01-24,148.7,390.7,170.5
2024-01-25,151.87,393.18,172.94
2024-01-26,152.185,394.14,172.28
2024-01-29,153.51,401.02,172.73
2024-01-30,151.46,400.06,176.27
2024-01-31,140.1,390.14,174.36
2024-02-01,141.16,394.78,173.73
2024-02-02,142.38,474.99,174.73
2024-02-05,143.68,459.41,174.5
2024-02-06,144.1,454.72,175.1
2024-02-07,145.54,469.59,175.43
2024-02-08,145.91,470,174.8
2024-02-09,149,468.11,175.01
2024-02-12,147.53,468.9,175.79
2024-02-13,145.14,460.12,174.26
2024-02-14,145.94,473.28,176.03
2024-02-15,142.77,484.03,179.87
2024-02-16,140.52,473.32,179.03
2024-02-19,140.52,473.32,179.03
2024-02-20,141.12,471.75,179.73
2024-02-21,142.55,468.03,180.9
2024-02-22,144.09,486.13,183.07
2024-02-23,143.96,484.03,183.99
2024-02-26,137.57,481.74,183.36
2024-02-27,138.88,487.05,183.45
2024-02-28,136.38,484.02,184.38
2024-02-29,138.46,490.13,186.06
2024-03-01,137.14,502.3,185.29
2024-03-04,133.35,498.19,186.68
2024-03-05,132.67,490.22,188.55
2024-03-06,131.4,496.09,189.53
2024-03-07,134.38,512.19,187.87
2024-03-08,135.41,505.95,188.22
2024-03-11,137.67,483.59,188.29
2024-03-12,138.5,499.75,189.84
2024-03-13,139.79,495.57,191.38
2024-03-14,143.1,491.83,187.97
2024-03-15,141.18,484.1,190.3
2024-03-18,147.68,496.98,192.66
2024-03-19,147.03,496.24,193.79
2024-03-20,148.74,505.52,196.33
2024-03-21,147.6,507.76,199.06
2024-03-22,150.77,509.58,196.62
2024-03-25,150.07,503.02,194.82
2024-03-26,150.67,495.89,195.73
2024-03-27,150.87,493.86,199.52
2024-03-28,150.93,485.58,200.3
2024-03-29,150.93,485.58,200.3
2024-04-01,155.49,491.35,198.94
2024-04-02,154.56,497.37,198.86
2024-04-03,154.92,506.74,198.3
2024-04-04,150.53,510.92,195.65
2024-04-05,152.5,527.34,197.45
2024-04-08,154.85,519.25,198.48
2024-04-09,156.6,516.9,197.15
2024-04-10,156.14,519.83,195.47
2024-04-11,159.41,523.16,195.43
2024-04-12,157.73,511.9,182.79
2024-04-15,154.86,500.23,182.89
2024-04-16,154.4,499.76,180.8
2024-04-17,155.47,494.17,180.08
2024-04-18,156.01,501.8,181.25
2024-04-19,154.09,481.07,185.8
2024-04-22,156.28,481.73,189.41
2024-04-23,158.26,496.1,192.14
2024-04-24,159.13,493.5,193.08
2024-04-25,156,441.38,193.37
2024-04-26,171.95,443.29,193.49
2024-04-29,166.15,432.62,193.28
2024-04-30,162.78,430.17,191.74
2024-05-01,163.86,439.19,191.86
2024-05-02,166.62,441.68,191.66
2024-05-03,167.24,451.96,190.51
2024-05-06,168.1,465.68,192
2024-05-07,171.25,468.24,191.75
2024-05-08,169.38,472.6,195.65
2024-05-09,169.96,475.42,197.5
2024-05-10,168.65,476.2,198.77
2024-05-13,169.14,468.01,198.73
2024-05-14,170.34,471.85,201.51
2024-05-15,172.51,481.54,202.11
2024-05-16,174.18,473.23,202.47
2024-05-17,176.06,471.91,204.79
2024-05-20,176.92,468.84,195.58
2024-05-21,177.85,464.63,199.52
2024-05-22,176.38,467.78,198.31
2024-05-23,173.55,465.78,196.92
2024-05-24,174.99,478.22,200.71
2024-05-27,174.99,478.22,200.71
2024-05-28,176.4,479.92,199.5
2024-05-29,175.9,474.36,198.11
2024-05-30,172.11,467.05,199.33
2024-05-31,172.5,466.83,202.63
2024-06-03,173.17,477.49,201.82
2024-06-04,173.79,476.99,199.16
2024-06-05,175.41,495.06,197.26
2024-06-06,176.73,493.76,196.91
2024-06-07,174.46,492.96,199.95
2024-06-10,175.01,502.6,199.61
2024-06-11,176.62,507.47,194.36
2024-06-12,177.79,508.84,191.53
2024-06-13,175.16,504.1,193.66
2024-06-14,176.79,504.16,193.78
2024-06-17,177.24,506.63,194.98
2024-06-18,175.09,499.49,197
2024-06-19,175.09,499.49,197
2024-06-20,176.3,501.7,198.67
2024-06-21,179.63,494.78,196.3
2024-06-24,179.22,498.91,198.88
2024-06-25,184.03,510.6,198.07
2024-06-26,183.88,513.12,197.43
2024-06-27,185.41,519.56,199.17
2024-06-28,182.15,504.22,202.26
2024-07-01,182.99,504.68,205.45
2024-07-02,185.24,509.5,208.83
2024-07-03,185.82,509.96,208.69
2024-07-04,185.82,509.96,208.69
2024-07-05,190.6,539.91,204.79
2024-07-08,189.03,529.32,205.17
2024-07-09,188.98,530,207.63
2024-07-10,191.18,534.69,207.8
2024-07-11,185.57,512.7,207.45
2024-07-12,185.07,498.87,204.94
2024-07-15,186.53,496.16,210.05
2024-07-16,183.92,489.79,213.62
2024-07-17,181.02,461.99,216.87
2024-07-18,177.69,475.85,209.98
2024-07-19,177.66,476.79,209.78
2024-07-22,181.67,487.4,210.28
2024-07-23,181.79,488.69,210.33
2024-07-24,172.63,461.27,208.59
2024-07-25,167.28,453.41,208.67
2024-07-26,167,465.7,212.24
2024-07-29,169.53,465.71,210.85
2024-07-30,170.29,463.19,215.19
2024-07-31,171.54,474.83,212.8
2024-08-01,170.76,497.74,207.96
2024-08-02,166.66,488.14,199.14
2024-08-05,159.25,475.73,194.9
2024-08-06,158.29,494.09,200.34
2024-08-07,158.94,488.92,200.4
2024-08-08,162.03,509.63,204.06
2024-08-09,163.67,517.77,205.8
2024-08-12,162.29,515.95,206.19
2024-08-13,164.16,528.54,207.94
2024-08-14,160.37,526.76,210.24
2024-08-15,161.3,537.33,211.55
2024-08-16,162.96,527.42,213.97
2024-08-19,166.67,529.28,215.45
2024-08-20,167.18,526.73,214.52
2024-08-21,165.85,535.16,214.6
2024-08-22,163.8,531.93,216.63
2024-08-23,165.62,528,218.31
2024-08-26,166.16,521.12,219.17
2024-08-27,164.68,519.1,220.18
2024-08-28,162.85,516.78,221.29
2024-08-29,161.78,518.22,222.21
2024-08-30,163.38,521.31,224.8
2024-09-02,163.38,521.31,224.8
2024-09-03,157.36,511.76,220.3
2024-09-04,156.45,512.74,219.33
2024-09-05,157.24,516.86,217.63
2024-09-06,150.92,500.27,212.46
2024-09-09,148.71,504.79,216.81
2024-09-10,148.66,504.79,205.56
2024-09-11,151.16,511.83,207.23
2024-09-12,154.69,525.6,206.6
2024-09-13,157.46,524.62,204.32
2024-09-16,158.06,533.28,207.86
2024-09-17,159.32,536.315,209.25
2024-09-18,159.81,537.95,207.53
2024-09-19,162.14,559.1,210.48
2024-09-20,163.59,561.35,211.09
2024-09-23,161.85,564.41,211.44
2024-09-24,162.29,563.33,211.59
2024-09-25,161.49,568.31,210.19
2024-09-26,162.73,567.84,209.78
2024-09-27,163.95,567.36,210.5
2024-09-30,165.85,572.44,210.86
2024-10-01,166.99,576.47,207.04
2024-10-02,165.86,572.81,207.29
2024-10-03,165.86,582.77,205.23
2024-10-04,167.06,595.94,211.22
2024-10-07,162.98,584.78,210.93
2024-10-08,164.38,592.89,210.75
2024-10-09,161.86,590.51,213.42
2024-10-10,162.08,583.83,212.84
2024-10-11,163.24,589.95,222.29
2024-10-14,164.96,590.42,221.48
2024-10-15,165.46,586.27,222.39
2024-10-16,165.16,576.79,223.64
2024-10-17,162.93,576.93,224.42
2024-10-18,163.42,576.47,225.37
2024-10-21,164.07,575.16,223
2024-10-22,165.14,582.01,224.12
2024-10-23,162.78,563.69,223.41
2024-10-24,162.72,567.78,224.98
2024-10-25,165.27,573.25,222.31
2024-10-28,166.72,578.16,225.5
2024-10-29,169.68,593.28,222.9
2024-10-30,174.46,591.8,224.41
2024-10-31,171.11,567.58,221.92
2024-11-01,171.29,567.16,222.94
2024-11-04,169.24,560.68,219.78
2024-11-05,169.74,572.43,221.49
2024-11-06,176.51,572.05,247.06
2024-11-07,180.75,591.7,236.38
2024-11-08,178.35,589.34,236.98
2024-11-11,180.35,583.17,239.29
2024-11-12,181.62,584.82,239.56
2024-11-13,178.88,580,241.16
2024-11-14,175.58,577.16,241.87
2024-11-15,172.49,554.08,245.31
2024-11-18,175.3,554.4,245.03
2024-11-19,178.12,561.09,243.09
2024-11-20,175.98,565.52,240.78
2024-11-21,167.63,563.09,244.76
2024-11-22,164.76,559.14,248.55
2024-11-25,167.65,565.11,250.29
2024-11-26,169.12,573.54,249.97
2024-11-27,169.23,569.2,249.79
2024-11-28,169.23,569.2,249.79
2024-11-29,168.95,574.32,249.72
